Hour,Temperature,Humidity,Gas Level,Day_Number
0:00,22.31,54.27,2.96,1
0:15,22.06,81.54,1.85,1
0:30,21.52,83.02,8.55,1
0:45,21.43,87.28,1.13,1
1:00,21.41,47.16,2.86,1
1:15,21.14,31.02,0.40,1
1:30,21.75,33.76,1.00,1
1:45,21.30,53.50,5.62,1
2:00,21.03,66.87,6.24,1
2:15,21.43,64.32,2.19,1
2:30,21.16,30.40,7.99,1
2:45,21.37,74.26,1.25,1
3:00,20.89,49.71,7.60,1
3:15,20.87,36.82,4.44,1
3:30,20.51,75.39,3.15,1
3:45,21.22,35.05,7.79,1
4:00,20.46,67.85,1.58,1
4:15,20.62,48.66,8.89,1
4:30,20.83,83.26,4.15,1
4:45,20.43,84.64,9.70,1
5:00,20.59,58.20,7.21,1
5:15,20.62,57.13,3.86,1
5:30,20.12,82.86,7.37,1
5:45,19.79,55.55,8.43,1
6:00,19.52,78.70,1.06,1
6:15,20.37,76.94,3.46,1
6:30,20.13,64.96,9.93,1
6:45,20.82,31.97,4.15,1
7:00,20.37,51.56,8.90,1
7:15,21.40,64.12,0.96,1
7:30,20.76,65.28,2.57,1
7:45,21.19,34.24,8.65,1
8:00,21.22,64.16,4.66,1
8:15,21.98,40.77,1.48,1
8:30,21.38,55.43,3.37,1
8:45,21.82,33.82,5.22,1
9:00,21.79,68.96,9.03,1
9:15,22.32,37.18,3.56,1
9:30,22.57,39.11,3.00,1
9:45,22.89,66.41,7.42,1
10:00,22.66,46.38,3.87,1
10:15,23.34,83.13,6.19,1
10:30,23.24,65.44,7.16,1
10:45,23.42,82.39,5.05,1
11:00,23.96,33.22,7.76,1
11:15,24.07,89.98,9.77,1
11:30,24.63,56.79,6.36,1
11:45,25.21,74.82,4.71,1
12:00,25.16,59.38,2.99,1
12:15,25.03,81.05,7.72,1
12:30,24.91,54.20,4.34,1
12:45,25.23,82.57,0.45,1
13:00,26.05,62.33,0.10,1
13:15,26.31,50.51,8.47,1
13:30,26.17,88.53,9.92,1
13:45,26.65,85.64,4.76,1
14:00,26.79,57.63,5.70,1
14:15,26.49,74.77,2.10,1
14:30,27.23,38.74,1.87,1
14:45,26.72,51.68,7.60,1
15:00,26.93,50.14,5.29,1
15:15,26.61,84.77,6.49,1
15:30,26.53,43.80,7.13,1
15:45,25.93,30.11,7.80,1
16:00,25.69,87.40,8.85,1
16:15,25.31,45.21,9.31,1
16:30,25.35,55.58,8.03,1
16:45,25.53,47.99,6.91,1
17:00,24.87,31.74,3.58,1
17:15,24.53,58.34,5.22,1
17:30,23.95,85.06,4.94,1
17:45,23.76,64.28,6.77,1
18:00,24.12,63.39,9.86,1
18:15,23.98,57.77,4.96,1
18:30,23.48,83.41,0.62,1
18:45,23.33,49.12,7.54,1
19:00,23.36,47.18,0.21,1
19:15,23.46,30.23,3.83,1
19:30,22.88,36.61,6.13,1
19:45,23.15,42.58,8.93,1
20:00,22.87,39.22,7.53,1
20:15,22.68,86.19,8.60,1
20:30,21.92,72.53,2.74,1
20:45,21.74,45.42,7.46,1
21:00,22.01,72.74,3.53,1
21:15,22.30,51.95,0.32,1
21:30,21.60,53.88,1.59,1
21:45,21.59,86.29,0.62,1
22:00,21.30,59.57,9.79,1
22:15,21.46,52.51,3.70,1
22:30,21.82,80.01,1.33,1
22:45,21.85,75.87,3.89,1
23:00,21.77,31.42,2.25,1
23:15,21.55,88.14,4.66,1
23:30,21.51,78.67,5.60,1
23:45,21.49,31.33,7.89,1
0:00,22.31,35.07,4.73,2
0:15,22.06,33.89,7.37,2
0:30,21.52,75.80,9.69,2
0:45,21.43,59.89,1.34,2
1:00,21.41,44.81,9.09,2
1:15,21.14,55.93,2.97,2
1:30,21.75,51.90,2.38,2
1:45,21.30,61.73,5.67,2
2:00,21.03,87.98,5.56,2
2:15,21.43,57.52,2.15,2
2:30,21.16,52.61,4.80,2
2:45,21.37,38.28,9.07,2
3:00,20.89,50.69,0.61,2
3:15,20.87,77.67,5.70,2
3:30,20.51,54.87,6.50,2
3:45,21.22,64.10,4.28,2
4:00,20.46,50.79,1.51,2
4:15,20.62,30.07,7.98,2
4:30,20.83,69.72,0.14,2
4:45,20.43,42.15,3.36,2
5:00,20.59,58.12,1.41,2
5:15,20.62,78.69,8.91,2
5:30,20.12,33.61,3.87,2
5:45,19.79,60.71,6.95,2
6:00,19.52,83.30,6.69,2
6:15,20.37,89.08,7.09,2
6:30,20.13,74.00,3.36,2
6:45,20.82,43.11,8.84,2
7:00,20.37,63.24,6.40,2
7:15,21.40,71.99,9.71,2
7:30,20.76,49.56,3.12,2
7:45,21.19,31.98,0.89,2
8:00,21.22,45.94,4.19,2
8:15,21.98,49.79,5.50,2
8:30,21.38,78.98,4.81,2
8:45,21.82,32.58,8.86,2
9:00,21.79,46.92,8.39,2
9:15,22.32,64.41,7.99,2
9:30,22.57,72.69,2.67,2
9:45,22.89,73.67,6.33,2
10:00,22.66,71.01,4.29,2
10:15,23.34,43.46,7.86,2
10:30,23.24,84.43,4.85,2
10:45,23.42,32.22,3.25,2
11:00,23.96,84.63,6.32,2
11:15,24.07,68.61,0.38,2
11:30,24.63,67.44,3.43,2
11:45,25.21,52.95,8.52,2
12:00,25.16,59.02,8.34,2
12:15,25.03,86.95,6.65,2
12:30,24.91,45.34,4.56,2
12:45,25.23,37.62,2.58,2
13:00,26.05,50.40,3.27,2
13:15,26.31,36.61,9.07,2
13:30,26.17,33.26,0.32,2
13:45,26.65,34.51,3.44,2
14:00,26.79,68.80,8.22,2
14:15,26.49,57.20,3.63,2
14:30,27.23,41.81,1.52,2
14:45,26.72,61.86,7.79,2
15:00,26.93,61.53,9.42,2
15:15,26.61,48.70,7.07,2
15:30,26.53,38.53,7.36,2
15:45,25.93,74.43,3.59,2
16:00,25.69,81.77,0.37,2
16:15,25.31,32.56,5.43,2
16:30,25.35,75.44,6.45,2
16:45,25.53,43.94,3.93,2
17:00,24.87,61.21,4.64,2
17:15,24.53,46.69,3.58,2
17:30,23.95,47.23,0.40,2
17:45,23.76,44.83,9.63,2
18:00,24.12,39.32,3.04,2
18:15,23.98,88.92,5.31,2
18:30,23.48,34.08,7.99,2
18:45,23.33,47.36,7.00,2
19:00,23.36,64.63,0.52,2
19:15,23.46,50.53,4.94,2
19:30,22.88,71.38,0.10,2
19:45,23.15,78.47,7.60,2
20:00,22.87,66.42,8.76,2
20:15,22.68,52.18,2.45,2
20:30,21.92,51.87,6.89,2
20:45,21.74,73.23,9.65,2
21:00,22.01,69.70,5.33,2
21:15,22.30,81.00,6.39,2
21:30,21.60,77.87,9.73,2
21:45,21.59,86.36,1.42,2
22:00,21.30,63.37,2.19,2
22:15,21.46,41.28,5.02,2
22:30,21.82,40.58,8.55,2
22:45,21.85,44.70,3.38,2
23:00,21.77,64.76,8.16,2
23:15,21.55,69.72,6.81,2
23:30,21.51,45.77,4.05,2
23:45,21.49,59.73,6.66,2
0:00,22.31,41.72,7.61,3
0:15,22.06,77.10,7.38,3
0:30,21.52,63.92,5.00,3
0:45,21.43,63.12,4.78,3
1:00,21.41,46.84,1.84,3
1:15,21.14,60.24,1.33,3
1:30,21.75,60.68,9.49,3
1:45,21.30,66.48,4.26,3
2:00,21.03,49.64,9.71,3
2:15,21.43,35.64,9.46,3
2:30,21.16,38.51,2.67,3
2:45,21.37,86.00,6.91,3
3:00,20.89,53.45,5.91,3
3:15,20.87,49.41,0.10,3
3:30,20.51,38.30,5.11,3
3:45,21.22,75.96,1.55,3
4:00,20.46,65.66,4.67,3
4:15,20.62,38.55,1.78,3
4:30,20.83,32.73,9.48,3
4:45,20.43,32.24,9.47,3
5:00,20.59,52.95,1.33,3
5:15,20.62,79.61,3.70,3
5:30,20.12,39.17,1.69,3
5:45,19.79,89.91,5.26,3
6:00,19.52,84.99,1.56,3
6:15,20.37,76.24,0.26,3
6:30,20.13,65.54,4.36,3
6:45,20.82,33.42,9.15,3
7:00,20.37,46.07,9.17,3
7:15,21.40,70.44,5.42,3
7:30,20.76,77.84,3.05,3
7:45,21.19,57.49,9.52,3
8:00,21.22,55.39,0.52,3
8:15,21.98,87.29,5.42,3
8:30,21.38,62.45,8.03,3
8:45,21.82,37.26,1.34,3
9:00,21.79,53.35,2.09,3
9:15,22.32,40.45,7.59,3
9:30,22.57,72.33,6.65,3
9:45,22.89,35.46,9.78,3
10:00,22.66,68.06,9.99,3
10:15,23.34,32.89,2.98,3
10:30,23.24,68.00,8.41,3
10:45,23.42,68.92,6.35,3
11:00,23.96,31.94,6.78,3
11:15,24.07,49.71,2.79,3
11:30,24.63,70.25,2.66,3
11:45,25.21,62.48,8.93,3
12:00,25.16,88.64,4.89,3
12:15,25.03,77.44,4.50,3
12:30,24.91,72.35,6.30,3
12:45,25.23,31.37,4.72,3
13:00,26.05,33.14,3.69,3
13:15,26.31,52.16,1.13,3
13:30,26.17,42.33,1.06,3
13:45,26.65,70.89,4.42,3
14:00,26.79,86.31,5.82,3
14:15,26.49,66.30,9.28,3
14:30,27.23,85.24,4.48,3
14:45,26.72,48.32,3.87,3
15:00,26.93,45.42,0.02,3
15:15,26.61,31.89,4.30,3
15:30,26.53,43.26,3.00,3
15:45,25.93,81.83,2.42,3
16:00,25.69,38.99,1.93,3
16:15,25.31,69.04,5.65,3
16:30,25.35,89.56,7.50,3
16:45,25.53,35.54,3.95,3
17:00,24.87,58.23,5.85,3
17:15,24.53,48.73,3.02,3
17:30,23.95,69.80,5.84,3
17:45,23.76,58.37,1.60,3
18:00,24.12,46.59,4.20,3
18:15,23.98,47.96,4.97,3
18:30,23.48,70.69,7.27,3
18:45,23.33,83.46,9.07,3
19:00,23.36,89.05,6.54,3
19:15,23.46,45.92,5.99,3
19:30,22.88,62.03,1.75,3
19:45,23.15,42.47,5.87,3
20:00,22.87,80.35,9.02,3
20:15,22.68,80.09,6.69,3
20:30,21.92,84.48,2.89,3
20:45,21.74,66.83,0.03,3
21:00,22.01,44.48,2.30,3
21:15,22.30,67.17,6.90,3
21:30,21.60,63.68,3.09,3
21:45,21.59,83.50,3.92,3
22:00,21.30,89.09,4.58,3
22:15,21.46,44.91,9.29,3
22:30,21.82,49.25,0.14,3
22:45,21.85,50.69,4.10,3
23:00,21.77,31.83,4.53,3
23:15,21.55,61.76,6.90,3
23:30,21.51,52.97,0.93,3
23:45,21.49,75.71,4.90,3
0:00,22.31,48.22,0.35,4
0:15,22.06,46.65,7.28,4
0:30,21.52,32.48,9.83,4
0:45,21.43,61.07,2.70,4
1:00,21.41,53.97,6.00,4
1:15,21.14,64.32,7.48,4
1:30,21.75,69.60,2.18,4
1:45,21.30,88.68,7.70,4
2:00,21.03,76.27,2.62,4
2:15,21.43,69.38,8.26,4
2:30,21.16,77.24,0.81,4
2:45,21.37,53.71,0.52,4
3:00,20.89,88.27,3.02,4
3:15,20.87,45.15,9.17,4
3:30,20.51,37.00,7.16,4
3:45,21.22,83.29,9.20,4
4:00,20.46,34.72,1.00,4
4:15,20.62,69.83,0.08,4
4:30,20.83,68.38,6.73,4
4:45,20.43,68.81,9.14,4
5:00,20.59,34.46,3.80,4
5:15,20.62,40.60,9.88,4
5:30,20.12,64.46,4.11,4
5:45,19.79,46.63,5.98,4
6:00,19.52,44.85,4.59,4
6:15,20.37,73.37,6.56,4
6:30,20.13,81.63,4.13,4
6:45,20.82,45.65,0.83,4
7:00,20.37,77.14,1.80,4
7:15,21.40,75.07,0.22,4
7:30,20.76,68.28,0.62,4
7:45,21.19,46.27,2.28,4
8:00,21.22,51.89,1.56,4
8:15,21.98,36.42,3.21,4
8:30,21.38,42.78,5.80,4
8:45,21.82,46.49,7.44,4
9:00,21.79,85.05,7.47,4
9:15,22.32,88.76,6.01,4
9:30,22.57,71.61,4.27,4
9:45,22.89,63.01,7.70,4
10:00,22.66,48.40,4.35,4
10:15,23.34,58.80,4.26,4
10:30,23.24,44.55,6.98,4
10:45,23.42,61.04,3.06,4
11:00,23.96,77.58,2.72,4
11:15,24.07,81.83,0.43,4
11:30,24.63,85.20,3.51,4
11:45,25.21,40.70,8.91,4
12:00,25.16,78.17,6.27,4
12:15,25.03,58.42,3.97,4
12:30,24.91,33.09,0.03,4
12:45,25.23,60.49,2.16,4
13:00,26.05,40.05,3.42,4
13:15,26.31,70.29,9.75,4
13:30,26.17,45.19,8.02,4
13:45,26.65,46.65,9.89,4
14:00,26.79,70.39,7.77,4
14:15,26.49,39.40,8.41,4
14:30,27.23,79.49,8.82,4
14:45,26.72,52.51,4.56,4
15:00,26.93,38.57,6.94,4
15:15,26.61,47.90,5.20,4
15:30,26.53,44.38,3.99,4
15:45,25.93,56.25,5.71,4
16:00,25.69,70.48,8.86,4
16:15,25.31,59.15,8.63,4
16:30,25.35,42.72,7.19,4
16:45,25.53,58.16,6.51,4
17:00,24.87,69.62,5.91,4
17:15,24.53,36.04,1.14,4
17:30,23.95,58.93,5.33,4
17:45,23.76,51.85,7.12,4
18:00,24.12,83.51,6.34,4
18:15,23.98,31.52,1.76,4
18:30,23.48,65.66,2.71,4
18:45,23.33,76.15,9.15,4
19:00,23.36,50.80,4.24,4
19:15,23.46,46.35,6.67,4
19:30,22.88,36.96,3.77,4
19:45,23.15,85.51,8.85,4
20:00,22.87,54.85,2.25,4
20:15,22.68,85.83,2.71,4
20:30,21.92,66.54,4.77,4
20:45,21.74,50.34,4.45,4
21:00,22.01,48.71,4.47,4
21:15,22.30,70.18,5.64,4
21:30,21.60,61.92,8.42,4
21:45,21.59,76.77,4.04,4
22:00,21.30,35.13,5.43,4
22:15,21.46,85.66,5.05,4
22:30,21.82,85.19,4.99,4
22:45,21.85,45.52,1.02,4
23:00,21.77,77.89,1.25,4
23:15,21.55,78.34,0.68,4
23:30,21.51,66.95,3.94,4
23:45,21.49,48.88,9.85,4
0:00,22.31,77.82,5.59,5
0:15,22.06,74.56,4.33,5
0:30,21.52,51.47,0.60,5
0:45,21.43,77.65,3.82,5
1:00,21.41,30.81,1.09,5
1:15,21.14,50.49,7.37,5
1:30,21.75,39.05,3.28,5
1:45,21.30,67.37,8.48,5
2:00,21.03,77.66,8.82,5
2:15,21.43,74.39,6.85,5
2:30,21.16,82.56,5.74,5
2:45,21.37,45.87,3.95,5
3:00,20.89,49.92,4.37,5
3:15,20.87,32.60,7.64,5
3:30,20.51,53.72,8.83,5
3:45,21.22,35.78,3.87,5
4:00,20.46,44.36,3.26,5
4:15,20.62,35.92,4.01,5
4:30,20.83,43.58,8.14,5
4:45,20.43,39.06,1.17,5
5:00,20.59,58.00,9.64,5
5:15,20.62,44.18,1.17,5
5:30,20.12,59.87,5.39,5
5:45,19.79,30.86,0.86,5
6:00,19.52,74.71,5.36,5
6:15,20.37,73.09,1.44,5
6:30,20.13,62.35,6.72,5
6:45,20.82,49.24,7.58,5
7:00,20.37,34.59,8.28,5
7:15,21.40,79.85,1.18,5
7:30,20.76,55.14,6.28,5
7:45,21.19,55.98,4.69,5
8:00,21.22,83.63,9.32,5
8:15,21.98,61.20,1.01,5
8:30,21.38,43.11,1.64,5
8:45,21.82,61.63,5.15,5
9:00,21.79,69.29,3.42,5
9:15,22.32,53.44,7.75,5
9:30,22.57,89.46,6.13,5
9:45,22.89,63.70,8.69,5
10:00,22.66,56.29,6.02,5
10:15,23.34,87.44,5.60,5
10:30,23.24,68.73,8.24,5
10:45,23.42,73.03,8.71,5
11:00,23.96,74.84,3.48,5
11:15,24.07,41.21,7.36,5
11:30,24.63,73.92,2.91,5
11:45,25.21,60.14,8.67,5
12:00,25.16,75.44,8.25,5
12:15,25.03,88.40,8.70,5
12:30,24.91,56.50,2.64,5
12:45,25.23,35.37,2.56,5
13:00,26.05,84.07,0.41,5
13:15,26.31,35.83,2.61,5
13:30,26.17,88.66,1.79,5
13:45,26.65,41.84,9.63,5
14:00,26.79,43.00,8.36,5
14:15,26.49,38.24,0.35,5
14:30,27.23,34.45,3.21,5
14:45,26.72,81.85,7.73,5
15:00,26.93,65.35,5.68,5
15:15,26.61,62.41,2.06,5
15:30,26.53,38.81,3.68,5
15:45,25.93,84.29,6.65,5
16:00,25.69,72.32,1.31,5
16:15,25.31,80.03,6.24,5
16:30,25.35,42.97,7.39,5
16:45,25.53,76.29,3.82,5
17:00,24.87,31.22,9.92,5
17:15,24.53,84.32,3.99,5
17:30,23.95,30.51,5.77,5
17:45,23.76,34.98,3.49,5
18:00,24.12,63.69,1.37,5
18:15,23.98,33.10,3.45,5
18:30,23.48,58.42,7.04,5
18:45,23.33,38.25,1.06,5
19:00,23.36,41.81,1.94,5
19:15,23.46,34.74,6.87,5
19:30,22.88,72.08,3.87,5
19:45,23.15,88.53,5.23,5
20:00,22.87,66.36,5.37,5
20:15,22.68,57.72,2.81,5
20:30,21.92,31.91,2.82,5
20:45,21.74,50.32,0.86,5
21:00,22.01,65.79,3.44,5
21:15,22.30,63.56,3.71,5
21:30,21.60,30.35,6.42,5
21:45,21.59,41.93,5.19,5
22:00,21.30,61.33,7.17,5
22:15,21.46,54.55,5.21,5
22:30,21.82,37.22,9.11,5
22:45,21.85,84.78,4.80,5
23:00,21.77,42.22,4.62,5
23:15,21.55,63.89,4.00,5
23:30,21.51,54.19,8.12,5
23:45,21.49,41.13,9.23,5
0:00,22.31,57.30,2.88,6
0:15,22.06,78.38,7.64,6
0:30,21.52,42.63,1.86,6
0:45,21.43,31.07,6.98,6
1:00,21.41,80.47,2.50,6
1:15,21.14,45.47,3.20,6
1:30,21.75,89.21,2.62,6
1:45,21.30,55.55,7.10,6
2:00,21.03,86.94,5.70,6
2:15,21.43,81.63,5.67,6
2:30,21.16,39.81,4.90,6
2:45,21.37,74.47,4.86,6
3:00,20.89,85.55,9.07,6
3:15,20.87,76.40,9.71,6
3:30,20.51,61.69,1.76,6
3:45,21.22,87.78,2.24,6
4:00,20.46,75.81,0.43,6
4:15,20.62,40.17,4.52,6
4:30,20.83,60.30,4.53,6
4:45,20.43,70.56,9.76,6
5:00,20.59,70.73,5.87,6
5:15,20.62,77.43,5.84,6
5:30,20.12,30.57,3.31,6
5:45,19.79,37.08,1.46,6
6:00,19.52,53.58,0.60,6
6:15,20.37,67.59,5.52,6
6:30,20.13,45.12,2.62,6
6:45,20.82,54.50,2.94,6
7:00,20.37,62.62,5.56,6
7:15,21.40,64.49,2.79,6
7:30,20.76,78.01,6.12,6
7:45,21.19,51.30,4.93,6
8:00,21.22,72.17,3.87,6
8:15,21.98,44.07,8.61,6
8:30,21.38,72.62,4.06,6
8:45,21.82,85.51,9.06,6
9:00,21.79,83.74,0.08,6
9:15,22.32,43.33,8.22,6
9:30,22.57,58.02,4.99,6
9:45,22.89,70.41,1.95,6
10:00,22.66,82.14,2.45,6
10:15,23.34,71.33,2.36,6
10:30,23.24,49.98,4.13,6
10:45,23.42,70.58,7.72,6
11:00,23.96,54.47,0.47,6
11:15,24.07,88.03,2.78,6
11:30,24.63,37.16,1.53,6
11:45,25.21,51.27,6.32,6
12:00,25.16,62.67,4.88,6
12:15,25.03,42.41,5.04,6
12:30,24.91,40.14,9.71,6
12:45,25.23,53.74,4.52,6
13:00,26.05,66.68,1.57,6
13:15,26.31,34.95,0.79,6
13:30,26.17,61.34,9.18,6
13:45,26.65,82.34,1.07,6
14:00,26.79,79.72,0.57,6
14:15,26.49,45.36,8.59,6
14:30,27.23,89.39,7.32,6
14:45,26.72,71.40,9.19,6
15:00,26.93,32.76,6.59,6
15:15,26.61,47.54,8.45,6
15:30,26.53,66.05,6.83,6
15:45,25.93,32.83,2.39,6
16:00,25.69,35.28,4.89,6
16:15,25.31,86.93,4.68,6
16:30,25.35,80.05,9.33,6
16:45,25.53,52.69,9.28,6
17:00,24.87,67.43,0.60,6
17:15,24.53,70.57,5.09,6
17:30,23.95,49.11,4.59,6
17:45,23.76,36.80,1.94,6
18:00,24.12,82.21,3.86,6
18:15,23.98,48.08,0.46,6
18:30,23.48,87.27,7.75,6
18:45,23.33,81.44,6.89,6
19:00,23.36,53.27,7.89,6
19:15,23.46,86.72,7.92,6
19:30,22.88,72.75,1.98,6
19:45,23.15,45.98,7.25,6
20:00,22.87,45.13,7.75,6
20:15,22.68,79.59,0.42,6
20:30,21.92,73.08,0.22,6
20:45,21.74,84.48,1.05,6
21:00,22.01,53.03,6.63,6
21:15,22.30,59.27,8.70,6
21:30,21.60,53.04,4.07,6
21:45,21.59,30.04,7.53,6
22:00,21.30,79.36,8.04,6
22:15,21.46,33.42,1.15,6
22:30,21.82,57.47,4.16,6
22:45,21.85,42.92,5.72,6
23:00,21.77,83.16,7.00,6
23:15,21.55,45.03,9.82,6
23:30,21.51,46.06,5.57,6
23:45,21.49,68.39,1.69,6
0:00,22.31,46.57,7.89,7
0:15,22.06,47.40,1.71,7
0:30,21.52,79.14,4.82,7
0:45,21.43,48.91,6.83,7
1:00,21.41,37.42,5.48,7
1:15,21.14,56.13,5.96,7
1:30,21.75,36.47,4.91,7
1:45,21.30,38.88,3.20,7
2:00,21.03,66.51,1.45,7
2:15,21.43,77.88,4.74,7
2:30,21.16,63.30,3.33,7
2:45,21.37,55.97,3.84,7
3:00,20.89,88.71,4.04,7
3:15,20.87,60.19,1.87,7
3:30,20.51,32.69,3.74,7
3:45,21.22,81.71,5.94,7
4:00,20.46,38.38,8.70,7
4:15,20.62,85.54,6.38,7
4:30,20.83,76.52,6.40,7
4:45,20.43,73.30,6.13,7
5:00,20.59,81.21,7.24,7
5:15,20.62,78.10,4.24,7
5:30,20.12,80.16,0.89,7
5:45,19.79,87.35,0.23,7
6:00,19.52,67.75,0.22,7
6:15,20.37,42.48,0.94,7
6:30,20.13,61.20,8.14,7
6:45,20.82,85.01,2.81,7
7:00,20.37,45.52,3.83,7
7:15,21.40,65.88,6.76,7
7:30,20.76,41.96,9.30,7
7:45,21.19,30.01,2.59,7
8:00,21.22,70.87,8.87,7
8:15,21.98,60.93,0.86,7
8:30,21.38,58.60,5.86,7
8:45,21.82,48.12,2.54,7
9:00,21.79,41.07,1.67,7
9:15,22.32,39.02,4.48,7
9:30,22.57,81.11,3.66,7
9:45,22.89,32.83,3.62,7
10:00,22.66,82.84,1.81,7
10:15,23.34,73.49,5.49,7
10:30,23.24,59.47,8.63,7
10:45,23.42,50.55,2.96,7
11:00,23.96,36.32,0.48,7
11:15,24.07,40.98,5.53,7
11:30,24.63,85.22,8.12,7
11:45,25.21,86.47,2.44,7
12:00,25.16,72.62,8.75,7
12:15,25.03,79.46,9.76,7
12:30,24.91,84.32,5.14,7
12:45,25.23,87.52,0.52,7
13:00,26.05,71.40,9.79,7
13:15,26.31,57.65,0.77,7
13:30,26.17,33.54,6.29,7
13:45,26.65,50.66,5.53,7
14:00,26.79,53.29,2.14,7
14:15,26.49,80.30,2.99,7
14:30,27.23,65.61,4.44,7
14:45,26.72,58.70,1.94,7
15:00,26.93,76.38,1.00,7
15:15,26.61,34.96,1.87,7
15:30,26.53,83.94,2.56,7
15:45,25.93,74.79,4.16,7
16:00,25.69,52.45,3.39,7
16:15,25.31,53.43,6.14,7
16:30,25.35,39.19,1.54,7
16:45,25.53,56.35,4.85,7
17:00,24.87,59.40,5.96,7
17:15,24.53,61.18,7.10,7
17:30,23.95,84.93,9.22,7
17:45,23.76,77.99,4.45,7
18:00,24.12,50.45,7.76,7
18:15,23.98,30.12,7.72,7
18:30,23.48,67.59,1.19,7
18:45,23.33,66.72,4.78,7
19:00,23.36,66.97,4.92,7
19:15,23.46,80.98,8.90,7
19:30,22.88,84.23,9.44,7
19:45,23.15,81.78,1.91,7
20:00,22.87,81.29,0.95,7
20:15,22.68,84.42,7.50,7
20:30,21.92,77.86,5.78,7
20:45,21.74,36.93,3.37,7
21:00,22.01,52.63,7.16,7
21:15,22.30,89.16,6.14,7
21:30,21.60,33.46,7.70,7
21:45,21.59,40.48,4.92,7
22:00,21.30,45.55,6.00,7
22:15,21.46,88.21,4.80,7
22:30,21.82,71.92,2.31,7
22:45,21.85,78.28,8.72,7
23:00,21.77,51.91,6.70,7
23:15,21.55,72.77,9.57,7
23:30,21.51,50.65,3.98,7
23:45,21.49,47.38,8.27,7
0:00,22.31,40.64,5.52,8
0:15,22.06,46.93,3.90,8
0:30,21.52,39.75,4.96,8
0:45,21.43,87.74,2.63,8
1:00,21.41,89.97,3.94,8
1:15,21.14,34.34,7.94,8
1:30,21.75,74.19,1.78,8
1:45,21.30,46.43,1.28,8
2:00,21.03,89.72,6.63,8
2:15,21.43,38.99,0.30,8
2:30,21.16,65.49,2.05,8
2:45,21.37,68.18,9.79,8
3:00,20.89,68.52,3.67,8
3:15,20.87,50.18,8.15,8
3:30,20.51,57.00,6.91,8
3:45,21.22,65.65,2.11,8
4:00,20.46,45.85,6.24,8
4:15,20.62,87.96,4.50,8
4:30,20.83,81.72,5.56,8
4:45,20.43,84.80,2.40,8
5:00,20.59,30.27,5.01,8
5:15,20.62,74.84,5.03,8
5:30,20.12,88.39,5.95,8
5:45,19.79,64.18,2.13,8
6:00,19.52,50.95,6.87,8
6:15,20.37,32.57,1.61,8
6:30,20.13,48.12,5.64,8
6:45,20.82,68.12,3.86,8
7:00,20.37,40.75,4.93,8
7:15,21.40,43.81,9.49,8
7:30,20.76,38.70,3.06,8
7:45,21.19,47.66,5.98,8
8:00,21.22,59.09,0.33,8
8:15,21.98,38.03,8.30,8
8:30,21.38,62.76,1.96,8
8:45,21.82,89.14,0.44,8
9:00,21.79,88.55,2.60,8
9:15,22.32,53.30,3.63,8
9:30,22.57,62.08,9.80,8
9:45,22.89,67.15,1.61,8
10:00,22.66,69.94,0.24,8
10:15,23.34,74.64,8.17,8
10:30,23.24,36.66,3.95,8
10:45,23.42,74.50,1.34,8
11:00,23.96,61.93,5.45,8
11:15,24.07,63.26,8.28,8
11:30,24.63,61.39,5.86,8
11:45,25.21,57.67,4.61,8
12:00,25.16,73.07,9.43,8
12:15,25.03,62.19,4.03,8
12:30,24.91,45.06,5.79,8
12:45,25.23,42.91,2.95,8
13:00,26.05,63.99,8.67,8
13:15,26.31,37.34,5.12,8
13:30,26.17,40.58,7.49,8
13:45,26.65,63.41,7.56,8
14:00,26.79,62.31,6.26,8
14:15,26.49,44.23,4.31,8
14:30,27.23,31.41,7.33,8
14:45,26.72,64.98,2.60,8
15:00,26.93,44.01,0.24,8
15:15,26.61,67.53,9.73,8
15:30,26.53,47.01,7.50,8
15:45,25.93,47.87,5.38,8
16:00,25.69,46.47,9.96,8
16:15,25.31,85.81,6.98,8
16:30,25.35,53.30,7.68,8
16:45,25.53,31.21,2.43,8
17:00,24.87,35.99,0.39,8
17:15,24.53,38.71,8.46,8
17:30,23.95,77.07,9.92,8
17:45,23.76,60.76,5.58,8
18:00,24.12,73.26,8.41,8
18:15,23.98,54.42,5.59,8
18:30,23.48,88.13,2.68,8
18:45,23.33,85.00,4.74,8
19:00,23.36,76.32,6.70,8
19:15,23.46,56.74,9.12,8
19:30,22.88,40.96,3.27,8
19:45,23.15,42.32,9.75,8
20:00,22.87,45.37,3.62,8
20:15,22.68,73.02,2.32,8
20:30,21.92,86.41,7.45,8
20:45,21.74,38.73,8.77,8
21:00,22.01,43.16,3.27,8
21:15,22.30,55.78,0.71,8
21:30,21.60,75.42,0.42,8
21:45,21.59,67.30,0.11,8
22:00,21.30,65.40,5.79,8
22:15,21.46,33.47,5.67,8
22:30,21.82,31.76,7.90,8
22:45,21.85,43.78,6.38,8
23:00,21.77,64.83,2.69,8
23:15,21.55,51.07,3.38,8
23:30,21.51,72.78,7.08,8
23:45,21.49,55.70,7.96,8
0:00,22.31,40.08,7.92,9
0:15,22.06,59.00,8.45,9
0:30,21.52,65.04,8.47,9
0:45,21.43,72.54,3.91,9
1:00,21.41,52.69,9.06,9
1:15,21.14,33.64,4.74,9
1:30,21.75,51.56,0.50,9
1:45,21.30,31.17,4.21,9
2:00,21.03,72.06,2.63,9
2:15,21.43,63.02,7.37,9
2:30,21.16,43.35,4.43,9
2:45,21.37,67.17,1.10,9
3:00,20.89,36.79,0.91,9
3:15,20.87,72.07,3.90,9
3:30,20.51,77.58,3.27,9
3:45,21.22,51.48,5.22,9
4:00,20.46,57.03,6.91,9
4:15,20.62,37.39,8.33,9
4:30,20.83,69.93,0.02,9
4:45,20.43,49.24,6.01,9
5:00,20.59,60.30,5.55,9
5:15,20.62,73.53,3.68,9
5:30,20.12,67.75,4.27,9
5:45,19.79,52.70,7.13,9
6:00,19.52,42.76,7.68,9
6:15,20.37,58.16,8.18,9
6:30,20.13,70.44,6.87,9
6:45,20.82,36.09,3.35,9
7:00,20.37,57.86,0.77,9
7:15,21.40,31.87,1.68,9
7:30,20.76,43.90,5.36,9
7:45,21.19,49.84,0.54,9
8:00,21.22,38.26,5.44,9
8:15,21.98,82.89,7.52,9
8:30,21.38,65.15,7.17,9
8:45,21.82,64.99,0.27,9
9:00,21.79,78.77,1.73,9
9:15,22.32,36.61,7.36,9
9:30,22.57,48.97,4.54,9
9:45,22.89,44.79,8.91,9
10:00,22.66,52.75,8.84,9
10:15,23.34,42.52,1.39,9
10:30,23.24,51.12,8.89,9
10:45,23.42,73.78,1.05,9
11:00,23.96,83.57,5.00,9
11:15,24.07,79.28,8.61,9
11:30,24.63,45.52,2.94,9
11:45,25.21,49.62,4.96,9
12:00,25.16,59.82,7.39,9
12:15,25.03,43.41,1.70,9
12:30,24.91,41.81,6.78,9
12:45,25.23,55.46,0.01,9
13:00,26.05,63.88,1.88,9
13:15,26.31,72.35,2.55,9
13:30,26.17,70.48,3.71,9
13:45,26.65,30.44,9.20,9
14:00,26.79,68.22,3.76,9
14:15,26.49,74.28,6.15,9
14:30,27.23,64.71,3.83,9
14:45,26.72,61.69,4.60,9
15:00,26.93,83.39,0.23,9
15:15,26.61,58.52,4.00,9
15:30,26.53,34.14,7.91,9
15:45,25.93,38.19,9.43,9
16:00,25.69,67.25,2.67,9
16:15,25.31,76.48,1.44,9
16:30,25.35,37.11,0.43,9
16:45,25.53,85.85,3.24,9
17:00,24.87,52.01,0.67,9
17:15,24.53,50.50,5.29,9
17:30,23.95,46.29,2.27,9
17:45,23.76,36.81,0.61,9
18:00,24.12,46.28,1.26,9
18:15,23.98,30.31,5.53,9
18:30,23.48,57.07,9.23,9
18:45,23.33,89.26,6.98,9
19:00,23.36,49.34,2.06,9
19:15,23.46,86.67,9.45,9
19:30,22.88,48.40,6.48,9
19:45,23.15,86.77,5.18,9
20:00,22.87,31.15,8.35,9
20:15,22.68,41.83,3.46,9
20:30,21.92,70.53,4.46,9
20:45,21.74,55.41,9.09,9
21:00,22.01,45.56,6.34,9
21:15,22.30,53.14,6.38,9
21:30,21.60,60.62,2.45,9
21:45,21.59,75.81,9.07,9
22:00,21.30,66.85,4.95,9
22:15,21.46,70.94,5.52,9
22:30,21.82,87.97,8.59,9
22:45,21.85,66.92,6.21,9
23:00,21.77,69.54,5.45,9
23:15,21.55,39.04,5.94,9
23:30,21.51,73.37,8.13,9
23:45,21.49,86.75,1.45,9
0:00,22.31,72.96,7.34,10
0:15,22.06,89.42,2.70,10
0:30,21.52,88.27,7.23,10
0:45,21.43,64.76,3.82,10
1:00,21.41,51.86,0.80,10
1:15,21.14,30.85,1.59,10
1:30,21.75,79.02,8.72,10
1:45,21.30,83.81,5.98,10
2:00,21.03,40.14,6.50,10
2:15,21.43,32.18,5.59,10
2:30,21.16,77.93,3.40,10
2:45,21.37,46.63,6.95,10
3:00,20.89,47.14,2.36,10
3:15,20.87,70.16,0.47,10
3:30,20.51,88.24,0.74,10
3:45,21.22,48.64,2.84,10
4:00,20.46,70.09,3.09,10
4:15,20.62,82.71,4.37,10
4:30,20.83,54.08,3.39,10
4:45,20.43,47.73,8.29,10
5:00,20.59,86.40,6.14,10
5:15,20.62,72.17,4.61,10
5:30,20.12,78.82,3.14,10
5:45,19.79,54.19,3.87,10
6:00,19.52,87.69,0.70,10
6:15,20.37,42.22,6.18,10
6:30,20.13,52.06,6.23,10
6:45,20.82,88.29,2.64,10
7:00,20.37,52.91,9.89,10
7:15,21.40,73.12,1.28,10
7:30,20.76,31.85,6.75,10
7:45,21.19,71.85,7.08,10
8:00,21.22,69.49,8.54,10
8:15,21.98,76.39,8.34,10
8:30,21.38,59.46,7.58,10
8:45,21.82,35.35,5.03,10
9:00,21.79,34.21,0.01,10
9:15,22.32,63.31,1.08,10
9:30,22.57,89.65,9.86,10
9:45,22.89,59.04,8.68,10
10:00,22.66,86.02,5.48,10
10:15,23.34,65.06,3.84,10
10:30,23.24,46.47,6.28,10
10:45,23.42,82.94,1.02,10
11:00,23.96,49.20,8.01,10
11:15,24.07,37.80,5.69,10
11:30,24.63,68.36,3.05,10
11:45,25.21,43.23,6.78,10
12:00,25.16,77.75,6.05,10
12:15,25.03,77.64,8.28,10
12:30,24.91,89.58,5.98,10
12:45,25.23,41.98,7.12,10
13:00,26.05,71.79,1.67,10
13:15,26.31,47.00,7.47,10
13:30,26.17,77.59,1.15,10
13:45,26.65,32.72,4.02,10
14:00,26.79,68.86,8.93,10
14:15,26.49,37.44,7.88,10
14:30,27.23,66.50,6.05,10
14:45,26.72,39.82,6.69,10
15:00,26.93,54.30,4.86,10
15:15,26.61,46.00,7.40,10
15:30,26.53,38.83,7.45,10
15:45,25.93,55.65,0.76,10
16:00,25.69,62.15,3.03,10
16:15,25.31,35.18,8.03,10
16:30,25.35,57.97,2.26,10
16:45,25.53,81.39,0.67,10
17:00,24.87,76.04,8.94,10
17:15,24.53,54.38,4.02,10
17:30,23.95,41.87,7.77,10
17:45,23.76,62.39,7.46,10
18:00,24.12,62.21,2.49,10
18:15,23.98,83.58,5.43,10
18:30,23.48,60.65,3.11,10
18:45,23.33,31.44,2.99,10
19:00,23.36,65.96,9.60,10
19:15,23.46,50.13,2.16,10
19:30,22.88,63.68,5.69,10
19:45,23.15,52.99,3.99,10
20:00,22.87,53.43,9.76,10
20:15,22.68,54.86,1.97,10
20:30,21.92,81.96,4.39,10
20:45,21.74,51.66,8.46,10
21:00,22.01,66.66,3.09,10
21:15,22.30,32.96,0.63,10
21:30,21.60,74.08,8.06,10
21:45,21.59,86.30,9.63,10
22:00,21.30,38.93,4.39,10
22:15,21.46,36.62,4.28,10
22:30,21.82,85.34,7.87,10
22:45,21.85,78.27,9.01,10
23:00,21.77,87.44,5.25,10
23:15,21.55,31.87,1.30,10
23:30,21.51,34.27,8.09,10
23:45,21.49,79.73,3.04,10
0:00,22.31,82.41,8.92,11
0:15,22.06,41.75,9.51,11
0:30,21.52,84.86,5.89,11
0:45,21.43,34.76,1.91,11
1:00,21.41,57.30,1.92,11
1:15,21.14,43.12,5.73,11
1:30,21.75,74.30,1.75,11
1:45,21.30,75.57,8.75,11
2:00,21.03,89.82,1.78,11
2:15,21.43,70.53,4.34,11
2:30,21.16,82.05,3.76,11
2:45,21.37,89.49,5.79,11
3:00,20.89,54.09,4.07,11
3:15,20.87,72.26,9.31,11
3:30,20.51,37.86,7.34,11
3:45,21.22,84.03,4.67,11
4:00,20.46,54.14,3.43,11
4:15,20.62,69.69,4.28,11
4:30,20.83,88.17,1.69,11
4:45,20.43,40.75,7.70,11
5:00,20.59,55.08,1.00,11
5:15,20.62,39.79,0.26,11
5:30,20.12,78.57,4.50,11
5:45,19.79,49.10,6.90,11
6:00,19.52,60.56,5.86,11
6:15,20.37,65.15,2.69,11
6:30,20.13,73.01,8.19,11
6:45,20.82,73.63,3.03,11
7:00,20.37,72.00,9.02,11
7:15,21.40,59.57,7.72,11
7:30,20.76,60.66,2.49,11
7:45,21.19,36.51,4.96,11
8:00,21.22,62.57,4.61,11
8:15,21.98,61.48,1.12,11
8:30,21.38,38.76,6.97,11
8:45,21.82,78.62,2.91,11
9:00,21.79,82.73,4.73,11
9:15,22.32,80.62,7.90,11
9:30,22.57,32.21,6.27,11
9:45,22.89,71.39,6.75,11
10:00,22.66,88.55,5.96,11
10:15,23.34,83.14,8.36,11
10:30,23.24,31.95,8.39,11
10:45,23.42,31.12,5.70,11
11:00,23.96,40.47,9.04,11
11:15,24.07,88.77,6.56,11
11:30,24.63,86.30,3.36,11
11:45,25.21,88.45,5.02,11
12:00,25.16,63.03,7.52,11
12:15,25.03,38.59,6.58,11
12:30,24.91,45.58,9.96,11
12:45,25.23,54.45,7.14,11
13:00,26.05,71.80,2.97,11
13:15,26.31,66.11,1.42,11
13:30,26.17,57.82,5.92,11
13:45,26.65,86.81,3.62,11
14:00,26.79,67.74,5.68,11
14:15,26.49,73.71,0.08,11
14:30,27.23,83.10,6.60,11
14:45,26.72,75.57,1.35,11
15:00,26.93,54.12,2.41,11
15:15,26.61,73.81,4.14,11
15:30,26.53,79.68,7.90,11
15:45,25.93,55.95,0.35,11
16:00,25.69,62.37,4.29,11
16:15,25.31,65.84,9.55,11
16:30,25.35,86.70,4.45,11
16:45,25.53,62.88,7.39,11
17:00,24.87,79.33,1.85,11
17:15,24.53,51.19,5.00,11
17:30,23.95,73.23,6.77,11
17:45,23.76,85.65,2.99,11
18:00,24.12,78.53,6.74,11
18:15,23.98,69.98,0.42,11
18:30,23.48,45.66,9.48,11
18:45,23.33,45.52,1.02,11
19:00,23.36,73.51,4.19,11
19:15,23.46,66.28,9.51,11
19:30,22.88,79.52,2.97,11
19:45,23.15,85.46,1.75,11
20:00,22.87,33.86,2.32,11
20:15,22.68,49.36,2.49,11
20:30,21.92,67.85,4.54,11
20:45,21.74,56.29,7.55,11
21:00,22.01,35.96,7.60,11
21:15,22.30,47.41,7.95,11
21:30,21.60,60.58,4.39,11
21:45,21.59,58.75,4.23,11
22:00,21.30,82.85,4.23,11
22:15,21.46,76.10,6.52,11
22:30,21.82,66.97,9.37,11
22:45,21.85,71.54,7.37,11
23:00,21.77,56.81,7.46,11
23:15,21.55,64.70,1.16,11
23:30,21.51,38.96,6.66,11
23:45,21.49,74.55,1.03,11
0:00,22.31,78.15,5.86,12
0:15,22.06,31.28,4.95,12
0:30,21.52,30.63,8.41,12
0:45,21.43,53.35,3.59,12
1:00,21.41,71.40,1.00,12
1:15,21.14,69.44,2.55,12
1:30,21.75,43.12,1.02,12
1:45,21.30,40.76,0.39,12
2:00,21.03,46.06,4.22,12
2:15,21.43,72.14,3.02,12
2:30,21.16,81.67,2.00,12
2:45,21.37,55.97,2.60,12
3:00,20.89,30.36,6.24,12
3:15,20.87,37.11,6.89,12
3:30,20.51,75.10,7.46,12
3:45,21.22,47.56,9.32,12
4:00,20.46,52.65,4.19,12
4:15,20.62,77.03,8.51,12
4:30,20.83,57.20,6.03,12
4:45,20.43,82.77,9.24,12
5:00,20.59,85.21,2.00,12
5:15,20.62,46.63,7.68,12
5:30,20.12,53.18,9.80,12
5:45,19.79,47.82,8.34,12
6:00,19.52,60.93,1.36,12
6:15,20.37,74.78,7.33,12
6:30,20.13,37.01,1.69,12
6:45,20.82,74.75,9.71,12
7:00,20.37,45.12,4.43,12
7:15,21.40,56.54,9.93,12
7:30,20.76,54.90,6.56,12
7:45,21.19,69.07,4.86,12
8:00,21.22,65.41,5.46,12
8:15,21.98,89.50,7.31,12
8:30,21.38,40.78,9.21,12
8:45,21.82,86.20,7.06,12
9:00,21.79,71.48,0.40,12
9:15,22.32,45.94,6.83,12
9:30,22.57,56.71,5.23,12
9:45,22.89,69.90,2.29,12
10:00,22.66,85.25,7.88,12
10:15,23.34,77.81,1.66,12
10:30,23.24,71.65,1.43,12
10:45,23.42,72.37,8.42,12
11:00,23.96,31.90,1.33,12
11:15,24.07,80.90,8.07,12
11:30,24.63,40.62,7.21,12
11:45,25.21,30.14,3.67,12
12:00,25.16,67.62,8.73,12
12:15,25.03,37.03,1.64,12
12:30,24.91,86.39,9.08,12
12:45,25.23,47.00,6.60,12
13:00,26.05,41.65,3.04,12
13:15,26.31,79.12,6.41,12
13:30,26.17,60.02,3.35,12
13:45,26.65,80.24,3.55,12
14:00,26.79,34.22,2.06,12
14:15,26.49,85.36,1.43,12
14:30,27.23,71.13,4.22,12
14:45,26.72,60.18,4.09,12
15:00,26.93,73.50,1.47,12
15:15,26.61,76.78,0.51,12
15:30,26.53,63.09,0.19,12
15:45,25.93,48.87,5.43,12
16:00,25.69,53.21,9.62,12
16:15,25.31,87.62,9.41,12
16:30,25.35,55.25,6.51,12
16:45,25.53,85.06,9.32,12
17:00,24.87,74.70,4.68,12
17:15,24.53,39.56,7.72,12
17:30,23.95,80.24,1.09,12
17:45,23.76,86.63,8.30,12
18:00,24.12,55.47,5.36,12
18:15,23.98,35.89,9.08,12
18:30,23.48,49.61,9.48,12
18:45,23.33,76.51,4.48,12
19:00,23.36,86.51,1.83,12
19:15,23.46,73.55,6.88,12
19:30,22.88,45.28,6.43,12
19:45,23.15,46.64,4.42,12
20:00,22.87,43.57,7.35,12
20:15,22.68,70.41,5.11,12
20:30,21.92,70.42,0.84,12
20:45,21.74,54.39,5.15,12
21:00,22.01,36.43,6.27,12
21:15,22.30,54.07,1.19,12
21:30,21.60,50.44,3.74,12
21:45,21.59,74.16,3.86,12
22:00,21.30,70.65,7.13,12
22:15,21.46,79.62,5.18,12
22:30,21.82,36.85,6.79,12
22:45,21.85,87.31,4.22,12
23:00,21.77,72.92,3.61,12
23:15,21.55,59.03,9.22,12
23:30,21.51,64.38,8.53,12
23:45,21.49,67.37,7.88,12
0:00,22.31,76.26,6.01,13
0:15,22.06,50.02,5.25,13
0:30,21.52,41.61,5.70,13
0:45,21.43,66.62,8.81,13
1:00,21.41,58.58,9.68,13
1:15,21.14,30.79,1.36,13
1:30,21.75,85.03,4.50,13
1:45,21.30,71.26,6.05,13
2:00,21.03,35.67,9.72,13
2:15,21.43,48.69,6.45,13
2:30,21.16,34.15,1.49,13
2:45,21.37,70.52,5.30,13
3:00,20.89,75.64,0.04,13
3:15,20.87,32.76,7.79,13
3:30,20.51,65.17,2.37,13
3:45,21.22,57.97,9.05,13
4:00,20.46,86.95,0.62,13
4:15,20.62,67.18,5.78,13
4:30,20.83,66.71,7.85,13
4:45,20.43,84.63,4.79,13
5:00,20.59,84.16,7.92,13
5:15,20.62,89.49,3.60,13
5:30,20.12,56.70,4.45,13
5:45,19.79,66.78,2.75,13
6:00,19.52,58.02,4.76,13
6:15,20.37,55.59,0.18,13
6:30,20.13,44.10,1.69,13
6:45,20.82,79.27,6.86,13
7:00,20.37,45.63,1.06,13
7:15,21.40,51.85,3.30,13
7:30,20.76,57.91,2.97,13
7:45,21.19,57.12,0.96,13
8:00,21.22,41.90,8.29,13
8:15,21.98,61.98,9.45,13
8:30,21.38,51.41,1.43,13
8:45,21.82,74.57,4.81,13
9:00,21.79,30.62,6.60,13
9:15,22.32,70.50,0.79,13
9:30,22.57,82.23,8.32,13
9:45,22.89,49.55,8.19,13
10:00,22.66,55.66,6.86,13
10:15,23.34,52.25,3.90,13
10:30,23.24,49.47,3.27,13
10:45,23.42,81.38,4.60,13
11:00,23.96,35.67,7.21,13
11:15,24.07,73.70,0.62,13
11:30,24.63,76.18,7.53,13
11:45,25.21,82.22,9.30,13
12:00,25.16,33.95,0.70,13
12:15,25.03,75.96,9.42,13
12:30,24.91,50.25,1.20,13
12:45,25.23,54.87,5.52,13
13:00,26.05,89.71,5.75,13
13:15,26.31,81.83,8.28,13
13:30,26.17,87.96,4.68,13
13:45,26.65,66.20,6.82,13
14:00,26.79,45.64,5.08,13
14:15,26.49,35.87,7.45,13
14:30,27.23,70.60,8.95,13
14:45,26.72,38.91,9.11,13
15:00,26.93,64.18,7.27,13
15:15,26.61,72.08,3.96,13
15:30,26.53,54.29,3.51,13
15:45,25.93,87.38,4.59,13
16:00,25.69,38.48,3.59,13
16:15,25.31,84.25,5.56,13
16:30,25.35,30.52,6.38,13
16:45,25.53,49.80,9.79,13
17:00,24.87,31.45,4.03,13
17:15,24.53,89.69,2.85,13
17:30,23.95,85.84,1.91,13
17:45,23.76,71.05,0.42,13
18:00,24.12,54.48,2.40,13
18:15,23.98,55.45,5.57,13
18:30,23.48,89.29,5.82,13
18:45,23.33,41.69,3.82,13
19:00,23.36,64.55,1.36,13
19:15,23.46,47.29,8.40,13
19:30,22.88,56.43,6.34,13
19:45,23.15,50.71,6.49,13
20:00,22.87,40.89,5.22,13
20:15,22.68,73.24,8.07,13
20:30,21.92,87.28,0.94,13
20:45,21.74,37.58,3.53,13
21:00,22.01,47.02,4.23,13
21:15,22.30,35.89,8.43,13
21:30,21.60,68.02,4.83,13
21:45,21.59,69.04,7.60,13
22:00,21.30,66.14,2.70,13
22:15,21.46,57.00,6.56,13
22:30,21.82,62.10,7.03,13
22:45,21.85,67.03,2.05,13
23:00,21.77,41.13,9.46,13
23:15,21.55,48.48,8.67,13
23:30,21.51,77.06,7.66,13
23:45,21.49,71.69,0.99,13
0:00,22.31,79.55,9.31,14
0:15,22.06,36.38,1.34,14
0:30,21.52,35.38,3.44,14
0:45,21.43,65.83,4.34,14
1:00,21.41,42.48,7.29,14
1:15,21.14,83.18,4.81,14
1:30,21.75,43.47,6.41,14
1:45,21.30,31.42,8.80,14
2:00,21.03,57.95,6.65,14
2:15,21.43,56.65,0.26,14
2:30,21.16,77.90,6.20,14
2:45,21.37,35.90,5.10,14
3:00,20.89,48.48,3.31,14
3:15,20.87,48.84,8.99,14
3:30,20.51,49.57,8.11,14
3:45,21.22,61.10,3.10,14
4:00,20.46,71.90,6.10,14
4:15,20.62,31.91,1.70,14
4:30,20.83,84.90,6.14,14
4:45,20.43,49.47,3.17,14
5:00,20.59,53.70,9.22,14
5:15,20.62,64.69,2.54,14
5:30,20.12,47.45,5.06,14
5:45,19.79,70.66,4.65,14
6:00,19.52,62.62,1.68,14
6:15,20.37,74.46,2.66,14
6:30,20.13,55.10,7.65,14
6:45,20.82,84.39,8.79,14
7:00,20.37,30.36,8.16,14
7:15,21.40,71.51,6.83,14
7:30,20.76,57.91,6.16,14
7:45,21.19,60.99,7.99,14
8:00,21.22,62.82,7.49,14
8:15,21.98,70.19,1.84,14
8:30,21.38,45.03,6.92,14
8:45,21.82,80.08,3.42,14
9:00,21.79,66.97,6.59,14
9:15,22.32,54.93,3.42,14
9:30,22.57,68.21,6.66,14
9:45,22.89,59.62,0.80,14
10:00,22.66,56.18,9.25,14
10:15,23.34,52.66,8.08,14
10:30,23.24,38.93,0.96,14
10:45,23.42,82.75,9.92,14
11:00,23.96,81.15,3.66,14
11:15,24.07,65.37,7.53,14
11:30,24.63,51.99,0.72,14
11:45,25.21,75.66,1.89,14
12:00,25.16,79.39,9.26,14
12:15,25.03,83.45,9.58,14
12:30,24.91,89.52,5.94,14
12:45,25.23,60.56,4.95,14
13:00,26.05,44.23,1.47,14
13:15,26.31,57.18,5.97,14
13:30,26.17,60.00,3.10,14
13:45,26.65,78.15,4.46,14
14:00,26.79,34.00,6.00,14
14:15,26.49,68.20,2.92,14
14:30,27.23,84.23,1.73,14
14:45,26.72,34.05,9.98,14
15:00,26.93,66.58,7.99,14
15:15,26.61,49.70,3.54,14
15:30,26.53,88.83,9.68,14
15:45,25.93,48.05,7.69,14
16:00,25.69,36.26,5.66,14
16:15,25.31,72.21,3.70,14
16:30,25.35,50.39,1.23,14
16:45,25.53,62.76,8.60,14
17:00,24.87,85.28,9.74,14
17:15,24.53,76.19,6.30,14
17:30,23.95,38.94,0.25,14
17:45,23.76,71.39,3.06,14
18:00,24.12,64.07,4.04,14
18:15,23.98,70.61,8.27,14
18:30,23.48,88.53,8.92,14
18:45,23.33,66.55,8.22,14
19:00,23.36,31.14,2.33,14
19:15,23.46,88.02,5.82,14
19:30,22.88,62.83,5.35,14
19:45,23.15,46.97,0.99,14
20:00,22.87,80.78,1.51,14
20:15,22.68,62.71,1.05,14
20:30,21.92,36.85,5.14,14
20:45,21.74,55.52,7.64,14
21:00,22.01,76.74,6.90,14
21:15,22.30,85.66,7.00,14
21:30,21.60,34.17,6.65,14
21:45,21.59,65.43,7.23,14
22:00,21.30,50.50,2.29,14
22:15,21.46,66.94,2.75,14
22:30,21.82,32.71,3.28,14
22:45,21.85,30.50,2.28,14
23:00,21.77,62.10,4.06,14
23:15,21.55,64.47,3.01,14
23:30,21.51,50.78,5.78,14
23:45,21.49,67.29,1.06,14
0:00,22.31,52.56,1.61,15
0:15,22.06,77.30,2.98,15
0:30,21.52,58.01,4.66,15
0:45,21.43,53.04,2.12,15
1:00,21.41,41.77,8.42,15
1:15,21.14,86.36,3.33,15
1:30,21.75,61.40,9.22,15
1:45,21.30,67.19,2.85,15
2:00,21.03,31.22,9.38,15
2:15,21.43,36.27,1.48,15
2:30,21.16,51.58,8.49,15
2:45,21.37,67.12,2.70,15
3:00,20.89,88.31,9.47,15
3:15,20.87,67.42,6.55,15
3:30,20.51,68.45,4.87,15
3:45,21.22,49.91,3.99,15
4:00,20.46,31.44,2.84,15
4:15,20.62,31.33,9.41,15
4:30,20.83,85.99,1.80,15
4:45,20.43,60.04,9.24,15
5:00,20.59,79.76,2.02,15
5:15,20.62,87.08,6.47,15
5:30,20.12,55.53,5.96,15
5:45,19.79,47.09,2.44,15
6:00,19.52,70.51,0.72,15
6:15,20.37,77.38,1.61,15
6:30,20.13,32.74,2.97,15
6:45,20.82,76.44,0.56,15
7:00,20.37,72.13,3.92,15
7:15,21.40,81.55,8.86,15
7:30,20.76,83.70,5.67,15
7:45,21.19,35.92,6.50,15
8:00,21.22,69.69,3.26,15
8:15,21.98,48.20,0.41,15
8:30,21.38,60.54,1.79,15
8:45,21.82,42.13,7.76,15
9:00,21.79,42.87,5.64,15
9:15,22.32,72.81,3.94,15
9:30,22.57,52.19,8.46,15
9:45,22.89,75.16,4.51,15
10:00,22.66,42.99,1.63,15
10:15,23.34,47.30,3.63,15
10:30,23.24,38.67,2.52,15
10:45,23.42,71.71,7.57,15
11:00,23.96,54.31,5.82,15
11:15,24.07,63.59,9.58,15
11:30,24.63,37.18,4.49,15
11:45,25.21,54.33,9.57,15
12:00,25.16,87.90,0.44,15
12:15,25.03,51.29,8.54,15
12:30,24.91,84.99,9.85,15
12:45,25.23,36.33,5.16,15
13:00,26.05,41.03,7.75,15
13:15,26.31,65.37,7.68,15
13:30,26.17,42.37,4.19,15
13:45,26.65,79.06,2.35,15
14:00,26.79,50.57,5.62,15
14:15,26.49,58.79,6.79,15
14:30,27.23,71.54,8.81,15
14:45,26.72,72.10,4.19,15
15:00,26.93,72.65,7.46,15
15:15,26.61,54.25,6.07,15
15:30,26.53,66.62,6.39,15
15:45,25.93,64.85,1.44,15
16:00,25.69,38.10,5.50,15
16:15,25.31,39.84,6.18,15
16:30,25.35,72.90,5.13,15
16:45,25.53,87.15,5.07,15
17:00,24.87,56.14,7.46,15
17:15,24.53,54.07,3.83,15
17:30,23.95,76.78,1.47,15
17:45,23.76,45.15,2.98,15
18:00,24.12,35.01,0.87,15
18:15,23.98,80.80,3.30,15
18:30,23.48,70.05,4.42,15
18:45,23.33,83.51,5.61,15
19:00,23.36,59.41,7.01,15
19:15,23.46,80.18,5.33,15
19:30,22.88,78.97,2.00,15
19:45,23.15,34.02,0.74,15
20:00,22.87,72.84,2.03,15
20:15,22.68,76.90,5.20,15
20:30,21.92,62.26,8.59,15
20:45,21.74,63.07,6.18,15
21:00,22.01,61.50,4.26,15
21:15,22.30,88.31,2.07,15
21:30,21.60,48.53,0.14,15
21:45,21.59,41.07,1.83,15
22:00,21.30,40.94,0.38,15
22:15,21.46,43.51,2.94,15
22:30,21.82,81.17,5.53,15
22:45,21.85,60.07,6.65,15
23:00,21.77,35.30,4.52,15
23:15,21.55,83.61,1.76,15
23:30,21.51,51.97,6.19,15
23:45,21.49,48.59,8.69,15
0:00,22.31,62.46,6.66,16
0:15,22.06,70.64,5.33,16
0:30,21.52,64.63,4.52,16
0:45,21.43,66.82,1.39,16
1:00,21.41,85.43,4.09,16
1:15,21.14,81.93,6.45,16
1:30,21.75,42.97,0.37,16
1:45,21.30,36.89,6.78,16
2:00,21.03,79.44,2.69,16
2:15,21.43,81.92,8.73,16
2:30,21.16,36.98,1.65,16
2:45,21.37,42.20,8.34,16
3:00,20.89,86.92,3.04,16
3:15,20.87,55.22,8.53,16
3:30,20.51,34.94,9.25,16
3:45,21.22,63.59,0.85,16
4:00,20.46,62.79,2.18,16
4:15,20.62,43.53,1.27,16
4:30,20.83,44.84,5.60,16
4:45,20.43,40.49,0.95,16
5:00,20.59,38.74,7.83,16
5:15,20.62,84.52,7.84,16
5:30,20.12,72.76,8.07,16
5:45,19.79,49.14,1.80,16
6:00,19.52,79.66,3.05,16
6:15,20.37,63.34,9.16,16
6:30,20.13,80.32,2.00,16
6:45,20.82,83.97,9.82,16
7:00,20.37,62.69,5.49,16
7:15,21.40,56.77,3.66,16
7:30,20.76,71.04,1.30,16
7:45,21.19,45.36,7.32,16
8:00,21.22,31.74,5.99,16
8:15,21.98,76.49,5.64,16
8:30,21.38,33.43,7.09,16
8:45,21.82,65.77,5.89,16
9:00,21.79,42.94,7.22,16
9:15,22.32,67.57,0.76,16
9:30,22.57,87.16,1.94,16
9:45,22.89,63.54,3.38,16
10:00,22.66,35.78,3.74,16
10:15,23.34,85.74,8.12,16
10:30,23.24,81.68,3.88,16
10:45,23.42,79.58,8.58,16
11:00,23.96,83.80,2.02,16
11:15,24.07,78.91,5.00,16
11:30,24.63,31.62,1.55,16
11:45,25.21,52.65,2.94,16
12:00,25.16,51.33,8.74,16
12:15,25.03,70.28,0.24,16
12:30,24.91,77.69,4.03,16
12:45,25.23,35.61,0.77,16
13:00,26.05,79.50,4.94,16
13:15,26.31,63.02,6.20,16
13:30,26.17,60.52,7.68,16
13:45,26.65,40.77,5.33,16
14:00,26.79,52.17,2.18,16
14:15,26.49,77.46,7.46,16
14:30,27.23,79.27,8.30,16
14:45,26.72,43.17,2.79,16
15:00,26.93,81.85,4.57,16
15:15,26.61,47.33,9.47,16
15:30,26.53,61.43,2.66,16
15:45,25.93,49.45,2.46,16
16:00,25.69,37.23,3.11,16
16:15,25.31,59.64,9.69,16
16:30,25.35,69.30,3.62,16
16:45,25.53,63.21,7.11,16
17:00,24.87,52.83,6.44,16
17:15,24.53,76.54,9.42,16
17:30,23.95,81.24,4.71,16
17:45,23.76,37.22,1.90,16
18:00,24.12,38.71,0.28,16
18:15,23.98,59.66,1.20,16
18:30,23.48,63.70,7.59,16
18:45,23.33,65.03,2.76,16
19:00,23.36,50.31,9.92,16
19:15,23.46,87.32,7.38,16
19:30,22.88,59.23,9.52,16
19:45,23.15,36.29,5.52,16
20:00,22.87,62.71,9.80,16
20:15,22.68,45.07,9.34,16
20:30,21.92,86.13,9.39,16
20:45,21.74,77.53,7.98,16
21:00,22.01,56.89,5.28,16
21:15,22.30,50.76,1.75,16
21:30,21.60,81.08,9.74,16
21:45,21.59,82.17,2.50,16
22:00,21.30,38.35,4.42,16
22:15,21.46,57.71,8.88,16
22:30,21.82,44.38,2.59,16
22:45,21.85,41.67,5.66,16
23:00,21.77,82.40,7.55,16
23:15,21.55,60.10,0.50,16
23:30,21.51,75.26,2.15,16
23:45,21.49,75.43,4.63,16
0:00,22.31,79.21,5.11,17
0:15,22.06,55.18,9.82,17
0:30,21.52,37.83,3.45,17
0:45,21.43,86.07,9.05,17
1:00,21.41,53.77,1.40,17
1:15,21.14,78.02,9.60,17
1:30,21.75,61.16,7.49,17
1:45,21.30,70.81,4.15,17
2:00,21.03,56.35,3.94,17
2:15,21.43,35.00,2.48,17
2:30,21.16,66.90,5.03,17
2:45,21.37,50.57,4.52,17
3:00,20.89,40.17,7.52,17
3:15,20.87,72.44,6.03,17
3:30,20.51,87.31,7.04,17
3:45,21.22,37.30,3.99,17
4:00,20.46,45.99,0.75,17
4:15,20.62,84.40,7.14,17
4:30,20.83,49.76,9.28,17
4:45,20.43,53.97,5.75,17
5:00,20.59,75.63,8.47,17
5:15,20.62,34.35,6.79,17
5:30,20.12,69.33,1.43,17
5:45,19.79,75.92,8.03,17
6:00,19.52,52.47,7.20,17
6:15,20.37,63.25,9.90,17
6:30,20.13,68.08,2.67,17
6:45,20.82,54.38,6.14,17
7:00,20.37,85.94,0.28,17
7:15,21.40,38.39,9.92,17
7:30,20.76,36.79,7.50,17
7:45,21.19,60.78,3.71,17
8:00,21.22,67.33,1.55,17
8:15,21.98,53.97,1.30,17
8:30,21.38,87.17,7.63,17
8:45,21.82,86.58,8.25,17
9:00,21.79,56.48,1.89,17
9:15,22.32,81.48,0.25,17
9:30,22.57,60.99,1.84,17
9:45,22.89,84.97,9.29,17
10:00,22.66,44.16,6.52,17
10:15,23.34,66.68,3.41,17
10:30,23.24,87.60,5.91,17
10:45,23.42,64.39,4.26,17
11:00,23.96,83.70,3.54,17
11:15,24.07,62.21,0.59,17
11:30,24.63,39.96,9.35,17
11:45,25.21,51.69,7.62,17
12:00,25.16,46.44,3.90,17
12:15,25.03,51.68,4.61,17
12:30,24.91,34.83,1.64,17
12:45,25.23,46.01,0.78,17
13:00,26.05,85.23,1.98,17
13:15,26.31,40.04,5.08,17
13:30,26.17,83.38,3.99,17
13:45,26.65,32.13,4.01,17
14:00,26.79,40.31,5.75,17
14:15,26.49,39.81,5.12,17
14:30,27.23,40.08,3.46,17
14:45,26.72,79.90,5.73,17
15:00,26.93,69.79,1.03,17
15:15,26.61,58.12,5.25,17
15:30,26.53,70.71,1.56,17
15:45,25.93,48.39,1.66,17
16:00,25.69,47.82,2.03,17
16:15,25.31,79.33,4.83,17
16:30,25.35,60.02,8.41,17
16:45,25.53,72.67,5.58,17
17:00,24.87,54.91,1.20,17
17:15,24.53,52.41,2.31,17
17:30,23.95,84.06,7.22,17
17:45,23.76,77.59,6.48,17
18:00,24.12,31.32,5.22,17
18:15,23.98,42.78,1.74,17
18:30,23.48,51.68,7.59,17
18:45,23.33,87.39,8.40,17
19:00,23.36,63.98,3.65,17
19:15,23.46,70.43,6.29,17
19:30,22.88,52.56,7.56,17
19:45,23.15,68.01,7.89,17
20:00,22.87,86.40,5.51,17
20:15,22.68,60.89,4.15,17
20:30,21.92,74.74,4.96,17
20:45,21.74,39.76,9.95,17
21:00,22.01,71.16,4.68,17
21:15,22.30,45.57,6.17,17
21:30,21.60,89.17,7.26,17
21:45,21.59,86.77,0.43,17
22:00,21.30,72.54,2.64,17
22:15,21.46,53.73,1.33,17
22:30,21.82,65.06,3.27,17
22:45,21.85,56.73,9.96,17
23:00,21.77,49.23,5.73,17
23:15,21.55,60.61,0.51,17
23:30,21.51,68.44,5.69,17
23:45,21.49,80.07,2.50,17
0:00,22.31,82.49,7.42,18
0:15,22.06,55.91,9.22,18
0:30,21.52,32.40,1.48,18
0:45,21.43,84.95,2.77,18
1:00,21.41,61.57,6.75,18
1:15,21.14,66.67,3.55,18
1:30,21.75,31.96,1.50,18
1:45,21.30,53.71,4.59,18
2:00,21.03,65.05,7.36,18
2:15,21.43,45.21,0.98,18
2:30,21.16,76.25,4.15,18
2:45,21.37,30.78,8.22,18
3:00,20.89,47.19,3.26,18
3:15,20.87,88.47,3.87,18
3:30,20.51,31.00,4.27,18
3:45,21.22,88.31,7.47,18
4:00,20.46,80.67,2.00,18
4:15,20.62,71.57,0.08,18
4:30,20.83,44.57,4.47,18
4:45,20.43,53.21,0.73,18
5:00,20.59,54.32,6.09,18
5:15,20.62,36.37,3.99,18
5:30,20.12,80.73,9.44,18
5:45,19.79,77.61,5.67,18
6:00,19.52,49.46,7.68,18
6:15,20.37,48.33,7.30,18
6:30,20.13,74.52,6.99,18
6:45,20.82,43.16,9.52,18
7:00,20.37,61.13,0.56,18
7:15,21.40,81.02,9.24,18
7:30,20.76,33.31,3.86,18
7:45,21.19,34.79,1.91,18
8:00,21.22,57.56,1.77,18
8:15,21.98,45.43,9.90,18
8:30,21.38,43.24,2.92,18
8:45,21.82,53.58,9.18,18
9:00,21.79,69.27,1.68,18
9:15,22.32,43.53,5.11,18
9:30,22.57,43.19,7.76,18
9:45,22.89,61.28,9.44,18
10:00,22.66,80.88,4.70,18
10:15,23.34,39.27,5.50,18
10:30,23.24,53.17,1.90,18
10:45,23.42,55.31,2.36,18
11:00,23.96,35.74,7.45,18
11:15,24.07,58.09,3.27,18
11:30,24.63,54.67,3.20,18
11:45,25.21,57.94,5.53,18
12:00,25.16,37.53,3.54,18
12:15,25.03,41.88,2.40,18
12:30,24.91,73.60,8.62,18
12:45,25.23,80.01,5.45,18
13:00,26.05,80.50,7.23,18
13:15,26.31,84.79,5.80,18
13:30,26.17,84.62,8.61,18
13:45,26.65,54.70,7.12,18
14:00,26.79,46.77,0.38,18
14:15,26.49,71.52,0.52,18
14:30,27.23,89.51,2.29,18
14:45,26.72,50.33,0.29,18
15:00,26.93,50.30,4.60,18
15:15,26.61,61.19,2.70,18
15:30,26.53,49.66,4.62,18
15:45,25.93,72.06,5.18,18
16:00,25.69,36.31,2.81,18
16:15,25.31,84.80,9.38,18
16:30,25.35,63.29,6.30,18
16:45,25.53,64.56,4.98,18
17:00,24.87,45.74,6.74,18
17:15,24.53,58.77,0.44,18
17:30,23.95,57.82,3.86,18
17:45,23.76,60.08,0.27,18
18:00,24.12,31.85,7.05,18
18:15,23.98,72.88,0.12,18
18:30,23.48,86.40,4.89,18
18:45,23.33,79.35,7.83,18
19:00,23.36,60.01,2.89,18
19:15,23.46,33.01,9.12,18
19:30,22.88,78.81,3.62,18
19:45,23.15,65.45,4.84,18
20:00,22.87,82.72,4.03,18
20:15,22.68,79.90,0.59,18
20:30,21.92,53.20,7.22,18
20:45,21.74,36.88,0.56,18
21:00,22.01,74.28,3.71,18
21:15,22.30,77.37,4.55,18
21:30,21.60,65.55,9.17,18
21:45,21.59,64.83,7.60,18
22:00,21.30,49.09,1.45,18
22:15,21.46,35.71,7.17,18
22:30,21.82,43.24,7.60,18
22:45,21.85,31.89,6.10,18
23:00,21.77,42.83,4.70,18
23:15,21.55,88.07,2.10,18
23:30,21.51,35.72,8.54,18
23:45,21.49,51.49,3.74,18
0:00,22.31,88.21,3.51,19
0:15,22.06,70.56,8.81,19
0:30,21.52,68.29,2.12,19
0:45,21.43,81.45,7.08,19
1:00,21.41,65.87,0.94,19
1:15,21.14,58.76,8.61,19
1:30,21.75,87.50,3.63,19
1:45,21.30,45.90,9.65,19
2:00,21.03,75.40,4.02,19
2:15,21.43,36.17,2.36,19
2:30,21.16,62.23,4.27,19
2:45,21.37,67.47,1.30,19
3:00,20.89,36.53,4.12,19
3:15,20.87,62.52,0.84,19
3:30,20.51,47.21,6.29,19
3:45,21.22,62.54,3.20,19
4:00,20.46,61.79,0.39,19
4:15,20.62,36.32,3.98,19
4:30,20.83,49.59,8.87,19
4:45,20.43,74.10,9.43,19
5:00,20.59,46.60,6.98,19
5:15,20.62,77.52,3.29,19
5:30,20.12,37.46,8.82,19
5:45,19.79,57.30,0.04,19
6:00,19.52,81.16,3.46,19
6:15,20.37,38.94,5.10,19
6:30,20.13,69.04,8.28,19
6:45,20.82,53.15,9.03,19
7:00,20.37,32.56,6.57,19
7:15,21.40,53.11,8.60,19
7:30,20.76,57.74,1.54,19
7:45,21.19,49.68,2.26,19
8:00,21.22,37.08,8.86,19
8:15,21.98,74.12,5.68,19
8:30,21.38,52.71,2.12,19
8:45,21.82,41.23,3.13,19
9:00,21.79,88.68,0.27,19
9:15,22.32,79.34,7.42,19
9:30,22.57,35.92,1.33,19
9:45,22.89,62.74,8.25,19
10:00,22.66,85.86,1.61,19
10:15,23.34,72.81,1.47,19
10:30,23.24,80.04,0.36,19
10:45,23.42,43.12,1.11,19
11:00,23.96,83.36,7.25,19
11:15,24.07,65.42,8.36,19
11:30,24.63,82.79,6.72,19
11:45,25.21,89.59,6.43,19
12:00,25.16,85.14,7.48,19
12:15,25.03,43.27,2.05,19
12:30,24.91,71.56,2.84,19
12:45,25.23,78.57,4.37,19
13:00,26.05,38.80,1.89,19
13:15,26.31,45.09,7.18,19
13:30,26.17,32.73,8.37,19
13:45,26.65,63.63,9.51,19
14:00,26.79,70.70,9.63,19
14:15,26.49,34.83,9.12,19
14:30,27.23,59.80,2.66,19
14:45,26.72,58.33,0.54,19
15:00,26.93,57.44,6.96,19
15:15,26.61,38.87,7.41,19
15:30,26.53,43.90,6.50,19
15:45,25.93,43.40,2.96,19
16:00,25.69,38.81,5.96,19
16:15,25.31,87.83,1.29,19
16:30,25.35,55.84,4.16,19
16:45,25.53,77.30,9.43,19
17:00,24.87,71.33,7.35,19
17:15,24.53,41.96,6.66,19
17:30,23.95,38.02,7.31,19
17:45,23.76,61.72,7.85,19
18:00,24.12,33.91,5.98,19
18:15,23.98,78.42,5.49,19
18:30,23.48,63.88,4.93,19
18:45,23.33,59.60,6.56,19
19:00,23.36,64.45,9.90,19
19:15,23.46,77.55,5.12,19
19:30,22.88,71.62,8.62,19
19:45,23.15,66.81,8.68,19
20:00,22.87,78.72,4.87,19
20:15,22.68,74.90,1.91,19
20:30,21.92,58.81,9.00,19
20:45,21.74,43.56,2.80,19
21:00,22.01,83.64,6.21,19
21:15,22.30,48.89,2.69,19
21:30,21.60,49.98,9.44,19
21:45,21.59,61.83,2.98,19
22:00,21.30,88.57,5.71,19
22:15,21.46,30.33,3.52,19
22:30,21.82,57.34,9.47,19
22:45,21.85,48.60,2.02,19
23:00,21.77,69.96,0.06,19
23:15,21.55,35.05,3.81,19
23:30,21.51,50.14,8.65,19
23:45,21.49,84.65,4.93,19
0:00,22.31,73.22,8.23,20
0:15,22.06,40.16,3.16,20
0:30,21.52,53.93,1.32,20
0:45,21.43,57.55,8.91,20
1:00,21.41,49.30,8.56,20
1:15,21.14,43.39,4.26,20
1:30,21.75,74.52,1.32,20
1:45,21.30,56.68,6.89,20
2:00,21.03,32.03,3.55,20
2:15,21.43,41.78,7.06,20
2:30,21.16,74.20,2.04,20
2:45,21.37,67.53,5.12,20
3:00,20.89,39.36,9.89,20
3:15,20.87,75.11,9.61,20
3:30,20.51,68.83,0.44,20
3:45,21.22,61.42,8.74,20
4:00,20.46,43.23,5.69,20
4:15,20.62,69.04,3.52,20
4:30,20.83,86.04,1.78,20
4:45,20.43,61.73,6.92,20
5:00,20.59,81.31,3.97,20
5:15,20.62,37.71,3.67,20
5:30,20.12,60.39,7.65,20
5:45,19.79,84.22,0.10,20
6:00,19.52,88.54,5.89,20
6:15,20.37,50.64,0.92,20
6:30,20.13,74.87,7.91,20
6:45,20.82,89.19,9.09,20
7:00,20.37,47.30,4.24,20
7:15,21.40,56.84,0.30,20
7:30,20.76,88.30,4.46,20
7:45,21.19,56.65,5.03,20
8:00,21.22,58.75,6.07,20
8:15,21.98,39.84,2.13,20
8:30,21.38,43.40,2.69,20
8:45,21.82,40.06,8.08,20
9:00,21.79,79.05,5.62,20
9:15,22.32,67.08,5.51,20
9:30,22.57,57.19,7.08,20
9:45,22.89,53.08,4.81,20
10:00,22.66,88.94,4.27,20
10:15,23.34,42.91,2.09,20
10:30,23.24,34.85,4.88,20
10:45,23.42,67.13,4.03,20
11:00,23.96,41.26,1.03,20
11:15,24.07,44.50,5.26,20
11:30,24.63,68.92,2.19,20
11:45,25.21,60.69,9.12,20
12:00,25.16,53.01,9.91,20
12:15,25.03,41.62,1.20,20
12:30,24.91,88.75,3.40,20
12:45,25.23,64.09,6.68,20
13:00,26.05,76.03,6.47,20
13:15,26.31,62.30,2.37,20
13:30,26.17,40.52,1.35,20
13:45,26.65,60.56,8.36,20
14:00,26.79,41.46,0.25,20
14:15,26.49,75.51,7.52,20
14:30,27.23,73.90,1.23,20
14:45,26.72,67.78,3.92,20
15:00,26.93,81.58,6.01,20
15:15,26.61,34.59,5.12,20
15:30,26.53,58.73,0.05,20
15:45,25.93,65.60,6.07,20
16:00,25.69,80.52,4.40,20
16:15,25.31,46.10,8.38,20
16:30,25.35,35.64,9.69,20
16:45,25.53,77.80,5.45,20
17:00,24.87,53.39,8.36,20
17:15,24.53,70.85,2.14,20
17:30,23.95,62.88,2.62,20
17:45,23.76,81.66,0.74,20
18:00,24.12,57.65,0.90,20
18:15,23.98,70.31,1.96,20
18:30,23.48,44.64,1.07,20
18:45,23.33,53.21,2.72,20
19:00,23.36,54.85,4.76,20
19:15,23.46,62.29,8.01,20
19:30,22.88,53.89,6.97,20
19:45,23.15,78.22,4.12,20
20:00,22.87,49.91,9.24,20
20:15,22.68,82.79,6.58,20
20:30,21.92,44.64,1.03,20
20:45,21.74,78.87,9.08,20
21:00,22.01,78.05,9.32,20
21:15,22.30,69.15,6.04,20
21:30,21.60,84.24,0.40,20
21:45,21.59,33.38,5.26,20
22:00,21.30,81.43,8.94,20
22:15,21.46,63.79,7.01,20
22:30,21.82,84.69,3.54,20
22:45,21.85,51.00,9.27,20
23:00,21.77,35.37,3.69,20
23:15,21.55,50.02,3.14,20
23:30,21.51,83.86,6.20,20
23:45,21.49,34.92,0.07,20
0:00,22.31,45.57,2.60,21
0:15,22.06,60.60,6.12,21
0:30,21.52,54.73,3.86,21
0:45,21.43,73.00,3.12,21
1:00,21.41,70.70,2.86,21
1:15,21.14,45.56,0.88,21
1:30,21.75,68.19,9.56,21
1:45,21.30,33.24,9.10,21
2:00,21.03,77.02,6.32,21
2:15,21.43,62.29,8.57,21
2:30,21.16,43.75,9.19,21
2:45,21.37,38.30,4.49,21
3:00,20.89,76.57,9.62,21
3:15,20.87,62.03,6.28,21
3:30,20.51,67.78,9.52,21
3:45,21.22,37.32,3.17,21
4:00,20.46,79.08,0.71,21
4:15,20.62,89.20,4.70,21
4:30,20.83,56.02,3.25,21
4:45,20.43,63.92,6.17,21
5:00,20.59,35.19,5.22,21
5:15,20.62,33.64,0.48,21
5:30,20.12,61.91,0.05,21
5:45,19.79,53.21,1.67,21
6:00,19.52,64.77,5.99,21
6:15,20.37,85.06,0.71,21
6:30,20.13,62.14,4.76,21
6:45,20.82,64.22,0.73,21
7:00,20.37,52.46,0.16,21
7:15,21.40,73.48,1.14,21
7:30,20.76,60.15,9.67,21
7:45,21.19,80.94,1.40,21
8:00,21.22,38.36,0.27,21
8:15,21.98,47.68,1.05,21
8:30,21.38,71.47,3.61,21
8:45,21.82,68.07,2.32,21
9:00,21.79,81.99,7.91,21
9:15,22.32,66.32,5.91,21
9:30,22.57,32.37,9.59,21
9:45,22.89,44.88,1.12,21
10:00,22.66,81.59,3.45,21
10:15,23.34,77.72,9.97,21
10:30,23.24,88.78,9.00,21
10:45,23.42,83.33,4.23,21
11:00,23.96,40.91,0.11,21
11:15,24.07,62.93,7.59,21
11:30,24.63,82.37,6.96,21
11:45,25.21,31.77,6.61,21
12:00,25.16,87.73,9.29,21
12:15,25.03,71.75,8.38,21
12:30,24.91,80.23,8.01,21
12:45,25.23,30.51,3.63,21
13:00,26.05,79.79,9.31,21
13:15,26.31,65.32,8.70,21
13:30,26.17,76.17,9.02,21
13:45,26.65,41.63,8.07,21
14:00,26.79,51.41,6.46,21
14:15,26.49,74.45,3.79,21
14:30,27.23,83.98,2.83,21
14:45,26.72,54.43,6.90,21
15:00,26.93,65.67,2.05,21
15:15,26.61,75.26,8.59,21
15:30,26.53,32.57,4.13,21
15:45,25.93,38.23,8.65,21
16:00,25.69,63.28,3.72,21
16:15,25.31,48.98,6.73,21
16:30,25.35,68.53,4.59,21
16:45,25.53,87.40,4.16,21
17:00,24.87,75.55,5.22,21
17:15,24.53,43.28,9.14,21
17:30,23.95,60.77,6.65,21
17:45,23.76,47.53,0.26,21
18:00,24.12,63.35,1.50,21
18:15,23.98,86.55,5.86,21
18:30,23.48,65.30,8.82,21
18:45,23.33,84.30,3.09,21
19:00,23.36,85.84,5.70,21
19:15,23.46,39.71,4.57,21
19:30,22.88,63.00,7.18,21
19:45,23.15,87.44,0.57,21
20:00,22.87,48.24,8.21,21
20:15,22.68,62.51,9.51,21
20:30,21.92,40.99,7.94,21
20:45,21.74,44.96,2.72,21
21:00,22.01,58.71,3.50,21
21:15,22.30,82.33,1.46,21
21:30,21.60,35.04,5.75,21
21:45,21.59,42.79,6.86,21
22:00,21.30,77.93,2.78,21
22:15,21.46,70.80,8.53,21
22:30,21.82,71.88,1.49,21
22:45,21.85,60.07,1.80,21
23:00,21.77,67.36,4.33,21
23:15,21.55,65.08,3.05,21
23:30,21.51,87.67,9.38,21
23:45,21.49,37.78,6.06,21
0:00,22.31,63.34,8.29,22
0:15,22.06,55.36,3.33,22
0:30,21.52,76.25,8.14,22
0:45,21.43,32.96,4.39,22
1:00,21.41,58.59,3.98,22
1:15,21.14,31.68,6.18,22
1:30,21.75,67.26,3.57,22
1:45,21.30,41.39,8.51,22
2:00,21.03,44.13,0.58,22
2:15,21.43,64.54,6.51,22
2:30,21.16,53.53,0.17,22
2:45,21.37,87.36,6.70,22
3:00,20.89,83.16,8.18,22
3:15,20.87,31.64,8.94,22
3:30,20.51,38.48,3.53,22
3:45,21.22,67.55,7.00,22
4:00,20.46,57.02,5.84,22
4:15,20.62,50.54,9.33,22
4:30,20.83,80.71,1.46,22
4:45,20.43,30.62,2.01,22
5:00,20.59,42.31,4.81,22
5:15,20.62,56.35,0.05,22
5:30,20.12,44.92,0.62,22
5:45,19.79,43.17,7.57,22
6:00,19.52,65.42,6.15,22
6:15,20.37,75.23,4.60,22
6:30,20.13,30.28,5.30,22
6:45,20.82,81.95,4.03,22
7:00,20.37,56.91,0.91,22
7:15,21.40,76.08,2.90,22
7:30,20.76,48.88,2.25,22
7:45,21.19,72.80,1.65,22
8:00,21.22,34.99,4.50,22
8:15,21.98,85.32,5.78,22
8:30,21.38,61.14,3.28,22
8:45,21.82,72.60,2.78,22
9:00,21.79,86.15,7.00,22
9:15,22.32,62.38,4.44,22
9:30,22.57,61.25,9.36,22
9:45,22.89,38.44,0.13,22
10:00,22.66,68.08,1.31,22
10:15,23.34,34.48,7.79,22
10:30,23.24,66.36,9.24,22
10:45,23.42,63.50,6.62,22
11:00,23.96,72.05,3.49,22
11:15,24.07,58.21,1.45,22
11:30,24.63,46.36,1.00,22
11:45,25.21,85.50,1.49,22
12:00,25.16,89.41,7.22,22
12:15,25.03,83.76,2.60,22
12:30,24.91,55.66,9.83,22
12:45,25.23,63.95,9.28,22
13:00,26.05,68.88,1.93,22
13:15,26.31,41.29,0.87,22
13:30,26.17,68.34,4.13,22
13:45,26.65,67.51,0.22,22
14:00,26.79,70.95,8.05,22
14:15,26.49,39.15,5.74,22
14:30,27.23,39.49,8.97,22
14:45,26.72,64.69,1.99,22
15:00,26.93,42.15,1.28,22
15:15,26.61,83.08,5.89,22
15:30,26.53,73.74,4.90,22
15:45,25.93,33.37,4.98,22
16:00,25.69,58.13,2.10,22
16:15,25.31,38.11,6.42,22
16:30,25.35,79.75,7.54,22
16:45,25.53,74.88,6.99,22
17:00,24.87,73.64,0.94,22
17:15,24.53,82.99,8.07,22
17:30,23.95,61.12,9.50,22
17:45,23.76,62.33,8.84,22
18:00,24.12,69.07,9.36,22
18:15,23.98,36.48,7.77,22
18:30,23.48,37.94,3.95,22
18:45,23.33,65.61,8.62,22
19:00,23.36,48.32,0.59,22
19:15,23.46,84.40,2.58,22
19:30,22.88,80.04,2.57,22
19:45,23.15,79.23,9.53,22
20:00,22.87,75.10,8.00,22
20:15,22.68,63.98,0.65,22
20:30,21.92,42.26,2.88,22
20:45,21.74,86.37,2.12,22
21:00,22.01,38.05,7.11,22
21:15,22.30,66.23,4.97,22
21:30,21.60,68.99,7.90,22
21:45,21.59,56.08,7.99,22
22:00,21.30,32.27,2.05,22
22:15,21.46,69.16,3.22,22
22:30,21.82,30.83,5.09,22
22:45,21.85,78.88,3.01,22
23:00,21.77,60.06,6.35,22
23:15,21.55,36.36,9.21,22
23:30,21.51,51.51,2.01,22
23:45,21.49,67.48,6.83,22
0:00,22.31,80.48,2.69,23
0:15,22.06,60.61,4.03,23
0:30,21.52,46.29,8.19,23
0:45,21.43,62.00,2.62,23
1:00,21.41,41.96,9.68,23
1:15,21.14,76.29,4.94,23
1:30,21.75,36.23,9.78,23
1:45,21.30,79.34,4.51,23
2:00,21.03,61.83,0.26,23
2:15,21.43,76.96,5.69,23
2:30,21.16,71.62,3.70,23
2:45,21.37,86.92,0.95,23
3:00,20.89,85.46,4.88,23
3:15,20.87,43.52,0.08,23
3:30,20.51,62.37,1.77,23
3:45,21.22,74.99,1.50,23
4:00,20.46,79.48,2.79,23
4:15,20.62,77.74,6.53,23
4:30,20.83,64.49,6.69,23
4:45,20.43,73.92,1.70,23
5:00,20.59,44.16,1.88,23
5:15,20.62,64.76,6.60,23
5:30,20.12,68.30,6.55,23
5:45,19.79,68.59,6.22,23
6:00,19.52,34.14,0.68,23
6:15,20.37,56.57,3.01,23
6:30,20.13,55.35,7.04,23
6:45,20.82,75.29,4.58,23
7:00,20.37,43.17,1.63,23
7:15,21.40,57.87,1.44,23
7:30,20.76,48.61,9.50,23
7:45,21.19,32.14,8.92,23
8:00,21.22,65.96,5.48,23
8:15,21.98,59.92,2.93,23
8:30,21.38,71.08,5.40,23
8:45,21.82,30.49,7.86,23
9:00,21.79,46.65,1.02,23
9:15,22.32,86.11,9.28,23
9:30,22.57,75.36,0.77,23
9:45,22.89,35.21,7.02,23
10:00,22.66,76.62,6.62,23
10:15,23.34,81.91,3.46,23
10:30,23.24,80.73,0.04,23
10:45,23.42,50.48,9.54,23
11:00,23.96,42.67,5.18,23
11:15,24.07,54.73,4.93,23
11:30,24.63,36.59,9.40,23
11:45,25.21,41.57,4.53,23
12:00,25.16,30.29,5.51,23
12:15,25.03,40.15,5.19,23
12:30,24.91,37.80,9.11,23
12:45,25.23,41.30,4.40,23
13:00,26.05,65.32,5.68,23
13:15,26.31,41.63,1.15,23
13:30,26.17,52.83,0.50,23
13:45,26.65,81.00,7.72,23
14:00,26.79,69.94,9.76,23
14:15,26.49,80.40,7.32,23
14:30,27.23,42.66,4.67,23
14:45,26.72,43.22,2.80,23
15:00,26.93,47.89,2.26,23
15:15,26.61,62.31,1.56,23
15:30,26.53,69.25,6.71,23
15:45,25.93,88.86,6.22,23
16:00,25.69,51.70,3.49,23
16:15,25.31,39.36,5.18,23
16:30,25.35,31.27,4.47,23
16:45,25.53,86.43,2.79,23
17:00,24.87,34.07,9.54,23
17:15,24.53,39.92,4.22,23
17:30,23.95,33.84,2.43,23
17:45,23.76,32.22,6.80,23
18:00,24.12,48.25,6.78,23
18:15,23.98,36.29,7.85,23
18:30,23.48,76.37,9.45,23
18:45,23.33,76.08,5.94,23
19:00,23.36,46.92,0.53,23
19:15,23.46,79.03,2.71,23
19:30,22.88,58.68,4.72,23
19:45,23.15,41.62,9.94,23
20:00,22.87,48.14,9.89,23
20:15,22.68,80.86,0.93,23
20:30,21.92,69.19,7.52,23
20:45,21.74,77.44,3.63,23
21:00,22.01,39.84,0.21,23
21:15,22.30,54.24,7.57,23
21:30,21.60,63.87,9.90,23
21:45,21.59,35.52,7.18,23
22:00,21.30,88.25,7.51,23
22:15,21.46,32.98,3.94,23
22:30,21.82,81.42,3.67,23
22:45,21.85,41.56,5.18,23
23:00,21.77,66.16,3.76,23
23:15,21.55,77.02,3.90,23
23:30,21.51,87.93,0.87,23
23:45,21.49,53.99,0.23,23
0:00,22.31,45.13,3.39,24
0:15,22.06,88.68,3.89,24
0:30,21.52,80.06,9.45,24
0:45,21.43,73.83,8.42,24
1:00,21.41,34.09,3.53,24
1:15,21.14,85.08,5.03,24
1:30,21.75,37.35,1.53,24
1:45,21.30,59.01,4.78,24
2:00,21.03,88.37,8.38,24
2:15,21.43,85.66,5.25,24
2:30,21.16,44.64,1.33,24
2:45,21.37,35.16,9.31,24
3:00,20.89,33.38,3.27,24
3:15,20.87,35.61,1.18,24
3:30,20.51,33.18,9.04,24
3:45,21.22,44.39,4.44,24
4:00,20.46,34.41,7.23,24
4:15,20.62,58.56,1.29,24
4:30,20.83,39.83,3.21,24
4:45,20.43,38.90,0.20,24
5:00,20.59,59.89,2.34,24
5:15,20.62,34.54,9.66,24
5:30,20.12,36.12,8.32,24
5:45,19.79,34.19,6.14,24
6:00,19.52,78.11,4.05,24
6:15,20.37,64.65,6.84,24
6:30,20.13,57.15,5.63,24
6:45,20.82,69.29,3.06,24
7:00,20.37,78.89,5.68,24
7:15,21.40,76.09,2.10,24
7:30,20.76,30.29,4.89,24
7:45,21.19,80.46,5.32,24
8:00,21.22,45.14,9.74,24
8:15,21.98,54.28,4.73,24
8:30,21.38,54.38,7.99,24
8:45,21.82,60.27,6.99,24
9:00,21.79,44.71,7.62,24
9:15,22.32,42.53,2.88,24
9:30,22.57,88.48,2.48,24
9:45,22.89,61.77,5.81,24
10:00,22.66,42.65,6.70,24
10:15,23.34,67.17,2.85,24
10:30,23.24,49.60,4.40,24
10:45,23.42,60.33,1.45,24
11:00,23.96,86.99,1.54,24
11:15,24.07,76.30,9.50,24
11:30,24.63,35.54,0.57,24
11:45,25.21,71.06,9.95,24
12:00,25.16,35.95,9.02,24
12:15,25.03,66.94,0.88,24
12:30,24.91,44.86,9.05,24
12:45,25.23,68.07,9.36,24
13:00,26.05,52.10,3.94,24
13:15,26.31,70.35,4.37,24
13:30,26.17,50.03,3.88,24
13:45,26.65,35.08,0.48,24
14:00,26.79,42.01,2.71,24
14:15,26.49,49.11,9.51,24
14:30,27.23,43.77,4.06,24
14:45,26.72,34.16,8.78,24
15:00,26.93,88.14,2.67,24
15:15,26.61,82.28,1.70,24
15:30,26.53,65.53,6.97,24
15:45,25.93,31.34,7.66,24
16:00,25.69,47.39,8.60,24
16:15,25.31,53.47,2.18,24
16:30,25.35,61.13,4.62,24
16:45,25.53,64.03,6.43,24
17:00,24.87,49.52,4.37,24
17:15,24.53,61.51,6.11,24
17:30,23.95,78.81,5.56,24
17:45,23.76,66.06,8.54,24
18:00,24.12,36.89,2.29,24
18:15,23.98,68.32,7.76,24
18:30,23.48,59.66,1.71,24
18:45,23.33,71.64,7.46,24
19:00,23.36,86.72,5.54,24
19:15,23.46,55.26,7.93,24
19:30,22.88,49.59,0.56,24
19:45,23.15,49.21,6.10,24
20:00,22.87,52.40,7.75,24
20:15,22.68,79.17,8.73,24
20:30,21.92,50.49,6.74,24
20:45,21.74,51.69,1.44,24
21:00,22.01,42.57,6.48,24
21:15,22.30,67.30,1.31,24
21:30,21.60,44.30,9.69,24
21:45,21.59,72.45,2.38,24
22:00,21.30,45.18,9.35,24
22:15,21.46,54.67,0.14,24
22:30,21.82,35.95,0.95,24
22:45,21.85,54.63,0.03,24
23:00,21.77,70.13,0.59,24
23:15,21.55,76.56,1.64,24
23:30,21.51,55.88,0.51,24
23:45,21.49,82.86,5.64,24
0:00,22.31,33.88,8.72,25
0:15,22.06,37.90,0.16,25
0:30,21.52,43.77,3.01,25
0:45,21.43,58.79,4.18,25
1:00,21.41,65.08,6.93,25
1:15,21.14,41.19,0.23,25
1:30,21.75,36.72,8.64,25
1:45,21.30,88.43,0.41,25
2:00,21.03,88.28,4.90,25
2:15,21.43,74.60,1.43,25
2:30,21.16,69.23,9.17,25
2:45,21.37,71.20,1.54,25
3:00,20.89,36.77,5.39,25
3:15,20.87,72.60,8.57,25
3:30,20.51,79.57,9.55,25
3:45,21.22,51.83,2.12,25
4:00,20.46,53.95,0.01,25
4:15,20.62,64.56,9.15,25
4:30,20.83,74.23,2.65,25
4:45,20.43,42.72,2.80,25
5:00,20.59,31.05,4.01,25
5:15,20.62,70.03,4.73,25
5:30,20.12,87.00,3.42,25
5:45,19.79,44.25,6.31,25
6:00,19.52,30.24,6.76,25
6:15,20.37,81.48,1.55,25
6:30,20.13,37.02,5.77,25
6:45,20.82,60.89,6.06,25
7:00,20.37,45.80,6.90,25
7:15,21.40,46.21,3.44,25
7:30,20.76,69.53,3.14,25
7:45,21.19,73.95,5.64,25
8:00,21.22,78.26,0.48,25
8:15,21.98,71.67,8.04,25
8:30,21.38,40.79,5.54,25
8:45,21.82,39.26,2.13,25
9:00,21.79,54.33,8.13,25
9:15,22.32,70.70,5.76,25
9:30,22.57,66.02,0.79,25
9:45,22.89,86.47,9.66,25
10:00,22.66,67.97,9.52,25
10:15,23.34,60.58,7.53,25
10:30,23.24,55.49,9.82,25
10:45,23.42,30.08,2.87,25
11:00,23.96,44.24,4.87,25
11:15,24.07,70.72,3.74,25
11:30,24.63,73.33,3.00,25
11:45,25.21,43.31,9.57,25
12:00,25.16,36.82,9.35,25
12:15,25.03,62.45,6.76,25
12:30,24.91,67.49,2.97,25
12:45,25.23,62.35,3.44,25
13:00,26.05,49.71,1.55,25
13:15,26.31,87.42,6.92,25
13:30,26.17,60.13,8.23,25
13:45,26.65,86.51,7.42,25
14:00,26.79,48.69,7.99,25
14:15,26.49,80.77,8.81,25
14:30,27.23,39.76,7.12,25
14:45,26.72,89.16,9.78,25
15:00,26.93,30.33,5.56,25
15:15,26.61,66.93,4.40,25
15:30,26.53,57.79,3.05,25
15:45,25.93,51.58,1.56,25
16:00,25.69,88.99,9.30,25
16:15,25.31,53.41,5.31,25
16:30,25.35,81.42,9.69,25
16:45,25.53,58.63,6.00,25
17:00,24.87,58.03,3.78,25
17:15,24.53,31.12,5.57,25
17:30,23.95,45.38,0.88,25
17:45,23.76,40.96,6.00,25
18:00,24.12,72.49,1.54,25
18:15,23.98,71.85,4.02,25
18:30,23.48,44.33,4.97,25
18:45,23.33,67.54,2.12,25
19:00,23.36,39.43,3.68,25
19:15,23.46,59.68,2.56,25
19:30,22.88,62.58,2.26,25
19:45,23.15,64.54,2.32,25
20:00,22.87,85.10,6.36,25
20:15,22.68,80.70,1.00,25
20:30,21.92,86.09,5.60,25
20:45,21.74,44.45,1.66,25
21:00,22.01,61.93,8.02,25
21:15,22.30,60.81,6.17,25
21:30,21.60,32.95,5.27,25
21:45,21.59,71.06,0.90,25
22:00,21.30,39.01,1.78,25
22:15,21.46,88.65,2.90,25
22:30,21.82,75.70,9.84,25
22:45,21.85,65.71,3.52,25
23:00,21.77,77.48,2.67,25
23:15,21.55,57.84,7.89,25
23:30,21.51,88.15,5.30,25
23:45,21.49,56.62,0.58,25
0:00,22.31,44.70,0.00,26
0:15,22.06,61.19,1.71,26
0:30,21.52,76.72,1.93,26
0:45,21.43,63.72,5.52,26
1:00,21.41,83.15,5.09,26
1:15,21.14,78.45,0.67,26
1:30,21.75,80.99,0.68,26
1:45,21.30,62.83,5.49,26
2:00,21.03,35.13,0.43,26
2:15,21.43,39.57,6.68,26
2:30,21.16,58.48,3.33,26
2:45,21.37,73.78,0.81,26
3:00,20.89,34.05,4.20,26
3:15,20.87,68.54,6.22,26
3:30,20.51,89.93,9.15,26
3:45,21.22,84.76,5.01,26
4:00,20.46,77.95,8.95,26
4:15,20.62,44.75,6.41,26
4:30,20.83,50.13,4.82,26
4:45,20.43,84.76,3.82,26
5:00,20.59,63.13,5.46,26
5:15,20.62,85.84,7.16,26
5:30,20.12,54.11,2.46,26
5:45,19.79,57.56,0.56,26
6:00,19.52,60.13,5.76,26
6:15,20.37,71.31,4.55,26
6:30,20.13,56.05,4.97,26
6:45,20.82,36.09,0.77,26
7:00,20.37,73.58,3.64,26
7:15,21.40,63.28,8.01,26
7:30,20.76,66.81,0.17,26
7:45,21.19,76.98,5.97,26
8:00,21.22,43.95,3.24,26
8:15,21.98,69.15,6.48,26
8:30,21.38,85.26,1.05,26
8:45,21.82,51.15,6.93,26
9:00,21.79,71.72,6.86,26
9:15,22.32,54.29,2.42,26
9:30,22.57,74.56,5.34,26
9:45,22.89,42.60,4.15,26
10:00,22.66,38.15,7.15,26
10:15,23.34,56.45,0.15,26
10:30,23.24,55.69,6.02,26
10:45,23.42,41.06,4.17,26
11:00,23.96,57.12,8.20,26
11:15,24.07,47.86,8.81,26
11:30,24.63,55.41,7.21,26
11:45,25.21,34.41,5.40,26
12:00,25.16,36.60,2.81,26
12:15,25.03,87.82,7.54,26
12:30,24.91,31.09,8.63,26
12:45,25.23,62.35,1.01,26
13:00,26.05,45.71,3.24,26
13:15,26.31,87.74,7.52,26
13:30,26.17,31.90,4.12,26
13:45,26.65,33.83,5.70,26
14:00,26.79,46.77,4.04,26
14:15,26.49,89.42,5.66,26
14:30,27.23,65.38,4.34,26
14:45,26.72,51.78,9.21,26
15:00,26.93,32.35,6.77,26
15:15,26.61,35.03,8.64,26
15:30,26.53,66.21,7.37,26
15:45,25.93,73.77,1.98,26
16:00,25.69,86.73,1.79,26
16:15,25.31,79.74,4.74,26
16:30,25.35,35.91,8.99,26
16:45,25.53,84.12,5.53,26
17:00,24.87,36.04,6.07,26
17:15,24.53,80.54,7.07,26
17:30,23.95,59.66,7.85,26
17:45,23.76,73.15,6.04,26
18:00,24.12,70.51,6.41,26
18:15,23.98,64.95,3.57,26
18:30,23.48,39.65,4.35,26
18:45,23.33,76.30,7.96,26
19:00,23.36,76.84,1.38,26
19:15,23.46,33.11,1.73,26
19:30,22.88,32.63,5.83,26
19:45,23.15,43.10,3.61,26
20:00,22.87,32.11,7.96,26
20:15,22.68,75.36,2.07,26
20:30,21.92,88.87,6.50,26
20:45,21.74,87.91,3.58,26
21:00,22.01,31.69,6.48,26
21:15,22.30,71.94,9.73,26
21:30,21.60,83.40,8.91,26
21:45,21.59,88.14,5.54,26
22:00,21.30,40.59,5.11,26
22:15,21.46,83.95,6.34,26
22:30,21.82,63.36,5.46,26
22:45,21.85,72.47,8.84,26
23:00,21.77,43.72,1.97,26
23:15,21.55,87.00,6.14,26
23:30,21.51,80.25,2.85,26
23:45,21.49,35.72,5.75,26
0:00,22.31,31.83,6.40,27
0:15,22.06,80.76,2.15,27
0:30,21.52,50.41,7.64,27
0:45,21.43,55.62,7.69,27
1:00,21.41,70.28,6.81,27
1:15,21.14,75.35,5.39,27
1:30,21.75,52.46,9.63,27
1:45,21.30,74.73,9.01,27
2:00,21.03,37.80,3.03,27
2:15,21.43,74.71,9.79,27
2:30,21.16,57.26,5.29,27
2:45,21.37,77.40,8.03,27
3:00,20.89,61.40,7.91,27
3:15,20.87,31.79,1.03,27
3:30,20.51,82.00,6.34,27
3:45,21.22,30.95,8.56,27
4:00,20.46,76.97,6.91,27
4:15,20.62,69.38,3.16,27
4:30,20.83,77.34,8.88,27
4:45,20.43,51.66,5.39,27
5:00,20.59,70.49,8.73,27
5:15,20.62,76.28,6.08,27
5:30,20.12,43.62,8.58,27
5:45,19.79,64.58,5.52,27
6:00,19.52,53.31,3.22,27
6:15,20.37,60.89,2.27,27
6:30,20.13,67.68,5.31,27
6:45,20.82,86.02,8.29,27
7:00,20.37,44.03,4.66,27
7:15,21.40,40.25,5.36,27
7:30,20.76,86.14,4.39,27
7:45,21.19,59.41,9.74,27
8:00,21.22,76.45,2.41,27
8:15,21.98,35.20,4.78,27
8:30,21.38,81.35,1.40,27
8:45,21.82,78.86,0.18,27
9:00,21.79,66.80,4.37,27
9:15,22.32,33.34,5.69,27
9:30,22.57,55.70,9.35,27
9:45,22.89,87.74,3.88,27
10:00,22.66,89.77,0.75,27
10:15,23.34,86.96,5.39,27
10:30,23.24,43.51,1.15,27
10:45,23.42,56.65,7.54,27
11:00,23.96,46.85,4.25,27
11:15,24.07,84.05,6.52,27
11:30,24.63,75.93,8.27,27
11:45,25.21,72.56,7.92,27
12:00,25.16,88.64,3.60,27
12:15,25.03,34.98,4.55,27
12:30,24.91,49.28,4.81,27
12:45,25.23,50.05,0.88,27
13:00,26.05,68.03,3.67,27
13:15,26.31,88.04,0.09,27
13:30,26.17,47.74,8.19,27
13:45,26.65,62.82,7.76,27
14:00,26.79,32.73,0.73,27
14:15,26.49,52.11,5.25,27
14:30,27.23,76.95,4.69,27
14:45,26.72,71.48,3.10,27
15:00,26.93,48.12,2.94,27
15:15,26.61,82.13,0.65,27
15:30,26.53,89.31,2.29,27
15:45,25.93,54.50,0.28,27
16:00,25.69,59.50,1.59,27
16:15,25.31,67.22,5.95,27
16:30,25.35,72.88,5.98,27
16:45,25.53,44.49,5.04,27
17:00,24.87,81.77,1.53,27
17:15,24.53,33.29,9.49,27
17:30,23.95,83.20,8.05,27
17:45,23.76,68.01,7.08,27
18:00,24.12,60.01,1.33,27
18:15,23.98,77.52,6.79,27
18:30,23.48,73.15,4.28,27
18:45,23.33,34.34,9.97,27
19:00,23.36,52.51,1.59,27
19:15,23.46,60.48,9.21,27
19:30,22.88,74.89,4.03,27
19:45,23.15,67.20,3.79,27
20:00,22.87,59.96,1.10,27
20:15,22.68,47.84,2.13,27
20:30,21.92,66.03,1.83,27
20:45,21.74,47.94,6.08,27
21:00,22.01,89.68,3.39,27
21:15,22.30,48.75,6.83,27
21:30,21.60,77.26,2.75,27
21:45,21.59,66.54,4.32,27
22:00,21.30,80.38,4.35,27
22:15,21.46,60.67,2.92,27
22:30,21.82,35.30,0.83,27
22:45,21.85,38.12,3.45,27
23:00,21.77,71.93,7.91,27
23:15,21.55,78.55,1.69,27
23:30,21.51,55.13,9.48,27
23:45,21.49,56.39,6.19,27
0:00,22.31,31.58,9.59,28
0:15,22.06,80.00,2.19,28
0:30,21.52,68.93,8.78,28
0:45,21.43,36.59,3.68,28
1:00,21.41,51.70,6.91,28
1:15,21.14,77.24,9.27,28
1:30,21.75,35.03,9.68,28
1:45,21.30,56.50,7.80,28
2:00,21.03,75.47,5.41,28
2:15,21.43,33.36,2.72,28
2:30,21.16,56.35,9.99,28
2:45,21.37,53.40,7.12,28
3:00,20.89,83.46,4.20,28
3:15,20.87,55.00,9.13,28
3:30,20.51,47.05,0.66,28
3:45,21.22,70.21,2.65,28
4:00,20.46,38.34,1.71,28
4:15,20.62,76.05,4.03,28
4:30,20.83,72.73,4.75,28
4:45,20.43,61.59,4.57,28
5:00,20.59,38.75,8.03,28
5:15,20.62,42.35,1.03,28
5:30,20.12,68.55,0.51,28
5:45,19.79,81.07,1.90,28
6:00,19.52,71.50,8.12,28
6:15,20.37,86.66,2.68,28
6:30,20.13,87.86,7.78,28
6:45,20.82,43.96,4.56,28
7:00,20.37,83.78,3.05,28
7:15,21.40,34.03,1.15,28
7:30,20.76,31.46,9.92,28
7:45,21.19,63.45,0.74,28
8:00,21.22,71.27,6.81,28
8:15,21.98,70.34,2.46,28
8:30,21.38,33.99,7.04,28
8:45,21.82,69.29,0.66,28
9:00,21.79,64.70,0.21,28
9:15,22.32,58.92,7.50,28
9:30,22.57,76.99,9.66,28
9:45,22.89,36.58,8.54,28
10:00,22.66,59.36,5.47,28
10:15,23.34,34.45,2.47,28
10:30,23.24,70.64,7.10,28
10:45,23.42,65.09,2.14,28
11:00,23.96,49.29,3.02,28
11:15,24.07,75.64,2.58,28
11:30,24.63,40.58,5.26,28
11:45,25.21,55.06,1.65,28
12:00,25.16,75.60,7.40,28
12:15,25.03,40.49,6.74,28
12:30,24.91,39.21,8.36,28
12:45,25.23,80.92,2.59,28
13:00,26.05,69.78,1.33,28
13:15,26.31,52.14,7.78,28
13:30,26.17,71.56,1.08,28
13:45,26.65,58.18,3.99,28
14:00,26.79,50.25,1.85,28
14:15,26.49,62.96,7.90,28
14:30,27.23,54.63,5.69,28
14:45,26.72,39.62,8.58,28
15:00,26.93,40.80,8.72,28
15:15,26.61,71.87,9.30,28
15:30,26.53,83.86,8.52,28
15:45,25.93,84.24,3.18,28
16:00,25.69,69.35,9.00,28
16:15,25.31,47.49,0.52,28
16:30,25.35,39.27,6.43,28
16:45,25.53,75.01,0.96,28
17:00,24.87,74.73,8.02,28
17:15,24.53,30.96,4.72,28
17:30,23.95,37.32,5.05,28
17:45,23.76,69.89,9.97,28
18:00,24.12,82.98,0.76,28
18:15,23.98,40.00,7.12,28
18:30,23.48,78.07,4.73,28
18:45,23.33,54.59,8.59,28
19:00,23.36,62.74,6.79,28
19:15,23.46,66.98,1.87,28
19:30,22.88,45.16,3.94,28
19:45,23.15,45.23,3.35,28
20:00,22.87,30.42,9.16,28
20:15,22.68,43.54,2.89,28
20:30,21.92,62.57,2.09,28
20:45,21.74,39.81,0.36,28
21:00,22.01,72.71,2.84,28
21:15,22.30,78.25,6.07,28
21:30,21.60,84.08,8.76,28
21:45,21.59,54.14,4.23,28
22:00,21.30,44.95,1.77,28
22:15,21.46,88.73,8.62,28
22:30,21.82,42.38,9.90,28
22:45,21.85,42.85,6.83,28
23:00,21.77,56.20,9.20,28
23:15,21.55,42.30,8.70,28
23:30,21.51,50.16,5.86,28
23:45,21.49,56.83,4.08,28
0:00,22.31,32.58,8.83,29
0:15,22.06,38.25,9.20,29
0:30,21.52,74.85,0.18,29
0:45,21.43,79.61,1.43,29
1:00,21.41,32.32,3.82,29
1:15,21.14,77.44,0.31,29
1:30,21.75,51.54,8.09,29
1:45,21.30,61.92,2.83,29
2:00,21.03,67.98,1.90,29
2:15,21.43,34.29,2.54,29
2:30,21.16,67.64,8.91,29
2:45,21.37,48.08,8.07,29
3:00,20.89,65.15,1.75,29
3:15,20.87,61.45,6.35,29
3:30,20.51,37.92,1.89,29
3:45,21.22,31.86,9.26,29
4:00,20.46,78.76,0.57,29
4:15,20.62,59.96,0.59,29
4:30,20.83,82.80,9.18,29
4:45,20.43,44.98,9.62,29
5:00,20.59,77.76,9.64,29
5:15,20.62,42.68,3.03,29
5:30,20.12,66.11,6.22,29
5:45,19.79,52.41,8.50,29
6:00,19.52,42.24,1.98,29
6:15,20.37,66.97,3.33,29
6:30,20.13,30.32,2.89,29
6:45,20.82,61.09,1.19,29
7:00,20.37,48.62,9.35,29
7:15,21.40,35.38,4.44,29
7:30,20.76,77.35,9.90,29
7:45,21.19,64.49,8.91,29
8:00,21.22,49.58,9.99,29
8:15,21.98,74.53,9.58,29
8:30,21.38,47.34,0.57,29
8:45,21.82,66.48,3.11,29
9:00,21.79,51.99,6.91,29
9:15,22.32,67.03,8.76,29
9:30,22.57,50.11,7.54,29
9:45,22.89,87.50,0.50,29
10:00,22.66,63.92,0.12,29
10:15,23.34,65.33,6.41,29
10:30,23.24,31.00,1.14,29
10:45,23.42,72.54,6.42,29
11:00,23.96,51.35,9.87,29
11:15,24.07,74.50,5.91,29
11:30,24.63,47.50,4.42,29
11:45,25.21,45.78,1.16,29
12:00,25.16,56.20,7.77,29
12:15,25.03,37.71,2.37,29
12:30,24.91,44.06,2.04,29
12:45,25.23,88.21,3.93,29
13:00,26.05,44.61,3.65,29
13:15,26.31,61.32,8.18,29
13:30,26.17,74.55,3.41,29
13:45,26.65,66.89,1.58,29
14:00,26.79,83.11,5.47,29
14:15,26.49,50.65,7.14,29
14:30,27.23,78.39,6.25,29
14:45,26.72,78.98,3.78,29
15:00,26.93,63.57,4.71,29
15:15,26.61,36.92,1.83,29
15:30,26.53,45.06,2.09,29
15:45,25.93,64.52,7.14,29
16:00,25.69,49.97,0.19,29
16:15,25.31,83.81,4.43,29
16:30,25.35,67.80,6.78,29
16:45,25.53,45.92,8.81,29
17:00,24.87,30.40,8.71,29
17:15,24.53,81.16,5.47,29
17:30,23.95,65.76,5.79,29
17:45,23.76,86.34,4.00,29
18:00,24.12,46.73,5.11,29
18:15,23.98,52.24,3.37,29
18:30,23.48,38.33,5.18,29
18:45,23.33,80.30,0.08,29
19:00,23.36,51.93,7.71,29
19:15,23.46,71.34,2.69,29
19:30,22.88,35.12,1.29,29
19:45,23.15,70.15,3.98,29
20:00,22.87,54.91,1.89,29
20:15,22.68,39.66,5.50,29
20:30,21.92,56.99,4.87,29
20:45,21.74,60.79,1.15,29
21:00,22.01,48.81,0.87,29
21:15,22.30,65.62,4.94,29
21:30,21.60,57.73,7.26,29
21:45,21.59,51.88,3.21,29
22:00,21.30,44.96,7.49,29
22:15,21.46,40.79,2.83,29
22:30,21.82,30.85,0.81,29
22:45,21.85,67.66,3.51,29
23:00,21.77,78.50,3.01,29
23:15,21.55,55.28,2.88,29
23:30,21.51,83.98,0.96,29
23:45,21.49,59.99,1.21,29
0:00,22.31,47.14,3.52,30
0:15,22.06,39.73,2.33,30
0:30,21.52,74.46,7.82,30
0:45,21.43,33.64,5.60,30
1:00,21.41,43.34,8.33,30
1:15,21.14,40.12,9.37,30
1:30,21.75,56.08,5.21,30
1:45,21.30,68.94,6.94,30
2:00,21.03,51.43,6.64,30
2:15,21.43,89.66,1.42,30
2:30,21.16,57.13,9.94,30
2:45,21.37,53.74,1.30,30
3:00,20.89,34.71,1.55,30
3:15,20.87,39.69,8.29,30
3:30,20.51,42.94,2.27,30
3:45,21.22,50.82,4.26,30
4:00,20.46,49.44,8.13,30
4:15,20.62,57.09,2.41,30
4:30,20.83,34.54,4.57,30
4:45,20.43,37.53,3.51,30
5:00,20.59,37.24,8.11,30
5:15,20.62,38.37,4.45,30
5:30,20.12,54.09,6.15,30
5:45,19.79,80.59,0.83,30
6:00,19.52,53.55,4.26,30
6:15,20.37,71.30,7.22,30
6:30,20.13,53.49,3.11,30
6:45,20.82,47.08,0.02,30
7:00,20.37,78.00,5.01,30
7:15,21.40,40.77,0.68,30
7:30,20.76,64.91,1.26,30
7:45,21.19,75.11,7.08,30
8:00,21.22,64.61,3.63,30
8:15,21.98,64.15,1.00,30
8:30,21.38,44.44,1.79,30
8:45,21.82,79.51,8.28,30
9:00,21.79,39.56,8.88,30
9:15,22.32,56.05,5.72,30
9:30,22.57,79.43,4.22,30
9:45,22.89,57.59,6.47,30
10:00,22.66,30.46,3.72,30
10:15,23.34,56.82,8.42,30
10:30,23.24,59.22,8.48,30
10:45,23.42,76.37,0.03,30
11:00,23.96,84.89,0.30,30
11:15,24.07,63.99,0.36,30
11:30,24.63,38.34,0.47,30
11:45,25.21,48.47,8.42,30
12:00,25.16,64.15,7.26,30
12:15,25.03,65.50,0.69,30
12:30,24.91,44.47,1.11,30
12:45,25.23,31.68,8.97,30
13:00,26.05,77.32,0.27,30
13:15,26.31,55.33,5.89,30
13:30,26.17,80.08,6.55,30
13:45,26.65,77.71,7.41,30
14:00,26.79,62.55,2.98,30
14:15,26.49,57.51,5.59,30
14:30,27.23,35.11,5.15,30
14:45,26.72,68.98,3.12,30
15:00,26.93,72.81,7.31,30
15:15,26.61,34.60,3.53,30
15:30,26.53,37.86,1.14,30
15:45,25.93,89.43,7.54,30
16:00,25.69,52.44,2.05,30
16:15,25.31,42.16,7.84,30
16:30,25.35,75.88,6.64,30
16:45,25.53,72.66,9.66,30
17:00,24.87,82.85,5.22,30
17:15,24.53,69.43,8.74,30
17:30,23.95,33.20,9.46,30
17:45,23.76,30.75,0.39,30
18:00,24.12,76.84,2.53,30
18:15,23.98,69.46,7.62,30
18:30,23.48,48.19,0.43,30
18:45,23.33,80.43,5.16,30
19:00,23.36,80.87,8.60,30
19:15,23.46,47.37,2.84,30
19:30,22.88,61.71,7.51,30
19:45,23.15,63.46,0.90,30
20:00,22.87,78.60,4.01,30
20:15,22.68,73.31,2.14,30
20:30,21.92,75.26,0.81,30
20:45,21.74,71.77,9.50,30
21:00,22.01,30.53,0.85,30
21:15,22.30,79.30,5.20,30
21:30,21.60,38.83,8.33,30
21:45,21.59,85.20,2.68,30
22:00,21.30,65.12,6.28,30
22:15,21.46,82.58,7.50,30
22:30,21.82,32.41,8.76,30
22:45,21.85,41.43,6.33,30
23:00,21.77,59.20,9.56,30
23:15,21.55,55.52,9.59,30
23:30,21.51,40.43,4.77,30
23:45,21.49,48.58,1.48,30
0:00,22.31,77.03,4.56,31
0:15,22.06,67.35,2.96,31
0:30,21.52,36.91,4.81,31
0:45,21.43,58.26,1.02,31
1:00,21.41,38.23,8.61,31
1:15,21.14,73.90,0.33,31
1:30,21.75,71.50,9.69,31
1:45,21.30,79.64,5.68,31
2:00,21.03,70.78,3.12,31
2:15,21.43,53.76,0.80,31
2:30,21.16,61.20,6.11,31
2:45,21.37,32.05,0.14,31
3:00,20.89,84.75,2.63,31
3:15,20.87,62.53,7.21,31
3:30,20.51,81.98,4.13,31
3:45,21.22,67.86,5.72,31
4:00,20.46,88.19,1.98,31
4:15,20.62,67.41,5.38,31
4:30,20.83,59.83,9.71,31
4:45,20.43,38.08,9.04,31
5:00,20.59,64.53,9.05,31
5:15,20.62,85.21,5.14,31
5:30,20.12,43.54,2.97,31
5:45,19.79,89.75,4.11,31
6:00,19.52,47.36,6.56,31
6:15,20.37,35.70,2.40,31
6:30,20.13,47.16,4.72,31
6:45,20.82,40.36,8.13,31
7:00,20.37,58.80,2.07,31
7:15,21.40,75.96,8.27,31
7:30,20.76,56.95,9.90,31
7:45,21.19,43.67,0.48,31
8:00,21.22,87.96,0.67,31
8:15,21.98,76.41,2.91,31
8:30,21.38,69.85,7.62,31
8:45,21.82,37.52,2.94,31
9:00,21.79,79.77,7.14,31
9:15,22.32,63.87,7.47,31
9:30,22.57,37.25,0.38,31
9:45,22.89,49.70,7.68,31
10:00,22.66,79.22,2.23,31
10:15,23.34,76.12,1.90,31
10:30,23.24,54.34,2.54,31
10:45,23.42,77.74,4.07,31
11:00,23.96,40.98,0.87,31
11:15,24.07,85.43,8.36,31
11:30,24.63,67.33,0.36,31
11:45,25.21,84.15,6.78,31
12:00,25.16,66.38,1.14,31
12:15,25.03,36.28,1.98,31
12:30,24.91,50.04,0.58,31
12:45,25.23,71.70,1.30,31
13:00,26.05,81.50,1.10,31
13:15,26.31,38.53,7.64,31
13:30,26.17,38.17,9.40,31
13:45,26.65,42.83,2.76,31
14:00,26.79,34.40,3.79,31
14:15,26.49,61.75,0.58,31
14:30,27.23,40.09,7.84,31
14:45,26.72,56.94,2.00,31
15:00,26.93,36.67,8.84,31
15:15,26.61,42.58,8.18,31
15:30,26.53,69.28,6.63,31
15:45,25.93,84.83,7.62,31
16:00,25.69,83.42,9.17,31
16:15,25.31,37.24,9.00,31
16:30,25.35,86.45,4.07,31
16:45,25.53,79.22,5.02,31
17:00,24.87,53.68,7.65,31
17:15,24.53,76.58,2.00,31
17:30,23.95,53.74,5.98,31
17:45,23.76,50.25,8.44,31
18:00,24.12,61.35,9.18,31
18:15,23.98,34.44,7.30,31
18:30,23.48,65.92,2.40,31
18:45,23.33,59.85,4.26,31
19:00,23.36,52.85,1.26,31
19:15,23.46,39.24,7.15,31
19:30,22.88,43.96,5.87,31
19:45,23.15,57.64,6.15,31
20:00,22.87,59.06,5.43,31
20:15,22.68,37.57,0.96,31
20:30,21.92,44.19,1.90,31
20:45,21.74,80.43,2.42,31
21:00,22.01,85.11,6.75,31
21:15,22.30,73.06,7.41,31
21:30,21.60,73.72,3.24,31
21:45,21.59,69.60,5.64,31
22:00,21.30,88.25,6.86,31
22:15,21.46,60.87,0.21,31
22:30,21.82,48.59,1.95,31
22:45,21.85,82.06,7.85,31
23:00,21.77,60.48,9.44,31
23:15,21.55,89.09,1.70,31
23:30,21.51,43.01,9.04,31
23:45,21.49,41.68,9.78,31
0:00,22.31,66.01,2.55,32
0:15,22.06,48.32,9.62,32
0:30,21.52,31.20,7.03,32
0:45,21.43,44.83,7.81,32
1:00,21.41,51.07,1.06,32
1:15,21.14,70.91,6.92,32
1:30,21.75,54.02,9.73,32
1:45,21.30,69.71,1.33,32
2:00,21.03,85.47,3.42,32
2:15,21.43,61.48,8.17,32
2:30,21.16,76.63,4.27,32
2:45,21.37,53.01,7.32,32
3:00,20.89,49.52,3.16,32
3:15,20.87,54.93,7.30,32
3:30,20.51,81.36,8.24,32
3:45,21.22,54.44,2.65,32
4:00,20.46,30.30,2.71,32
4:15,20.62,73.81,0.50,32
4:30,20.83,81.45,9.05,32
4:45,20.43,69.85,8.76,32
5:00,20.59,83.81,1.97,32
5:15,20.62,50.11,8.81,32
5:30,20.12,76.17,2.59,32
5:45,19.79,61.14,7.95,32
6:00,19.52,65.25,3.17,32
6:15,20.37,75.52,9.62,32
6:30,20.13,39.23,3.03,32
6:45,20.82,64.31,0.33,32
7:00,20.37,43.87,3.41,32
7:15,21.40,57.97,3.30,32
7:30,20.76,65.81,8.24,32
7:45,21.19,86.21,6.42,32
8:00,21.22,78.84,0.76,32
8:15,21.98,67.29,7.44,32
8:30,21.38,75.79,2.87,32
8:45,21.82,83.63,9.59,32
9:00,21.79,37.46,2.93,32
9:15,22.32,84.64,5.50,32
9:30,22.57,89.05,0.38,32
9:45,22.89,76.49,5.64,32
10:00,22.66,87.24,8.22,32
10:15,23.34,88.19,3.54,32
10:30,23.24,77.96,5.46,32
10:45,23.42,35.90,7.48,32
11:00,23.96,82.59,6.77,32
11:15,24.07,61.50,7.42,32
11:30,24.63,75.00,6.08,32
11:45,25.21,66.57,0.21,32
12:00,25.16,55.12,3.99,32
12:15,25.03,42.09,9.87,32
12:30,24.91,44.66,4.90,32
12:45,25.23,57.25,5.07,32
13:00,26.05,85.44,9.53,32
13:15,26.31,60.26,4.34,32
13:30,26.17,72.98,3.98,32
13:45,26.65,70.05,9.75,32
14:00,26.79,48.35,1.94,32
14:15,26.49,48.27,1.35,32
14:30,27.23,46.02,5.37,32
14:45,26.72,40.31,1.19,32
15:00,26.93,89.88,5.96,32
15:15,26.61,71.39,7.88,32
15:30,26.53,69.76,5.49,32
15:45,25.93,52.06,2.22,32
16:00,25.69,51.77,7.90,32
16:15,25.31,52.81,8.01,32
16:30,25.35,76.67,0.35,32
16:45,25.53,40.16,6.23,32
17:00,24.87,65.46,0.85,32
17:15,24.53,64.51,9.33,32
17:30,23.95,67.60,0.23,32
17:45,23.76,69.90,3.19,32
18:00,24.12,65.77,9.78,32
18:15,23.98,89.47,8.74,32
18:30,23.48,50.84,8.66,32
18:45,23.33,50.10,7.52,32
19:00,23.36,56.74,9.18,32
19:15,23.46,79.65,9.91,32
19:30,22.88,67.03,6.99,32
19:45,23.15,67.16,8.00,32
20:00,22.87,68.41,3.25,32
20:15,22.68,81.18,1.43,32
20:30,21.92,43.00,5.65,32
20:45,21.74,80.30,0.14,32
21:00,22.01,50.08,5.31,32
21:15,22.30,58.09,7.37,32
21:30,21.60,63.09,1.61,32
21:45,21.59,64.83,2.30,32
22:00,21.30,73.98,7.01,32
22:15,21.46,31.84,5.35,32
22:30,21.82,74.65,6.63,32
22:45,21.85,38.63,7.58,32
23:00,21.77,58.82,9.91,32
23:15,21.55,34.20,6.74,32
23:30,21.51,43.38,0.32,32
23:45,21.49,86.07,0.16,32
0:00,22.31,54.58,2.26,33
0:15,22.06,63.04,6.64,33
0:30,21.52,39.84,3.37,33
0:45,21.43,54.23,7.58,33
1:00,21.41,80.39,7.53,33
1:15,21.14,41.28,8.94,33
1:30,21.75,76.99,9.83,33
1:45,21.30,35.33,8.18,33
2:00,21.03,62.45,1.17,33
2:15,21.43,80.57,3.75,33
2:30,21.16,50.45,4.53,33
2:45,21.37,67.91,0.50,33
3:00,20.89,61.29,1.46,33
3:15,20.87,62.83,4.75,33
3:30,20.51,67.33,8.84,33
3:45,21.22,49.80,9.60,33
4:00,20.46,30.59,8.04,33
4:15,20.62,80.72,9.83,33
4:30,20.83,89.37,9.00,33
4:45,20.43,78.36,6.13,33
5:00,20.59,84.24,8.93,33
5:15,20.62,36.28,2.99,33
5:30,20.12,65.77,5.71,33
5:45,19.79,40.32,8.53,33
6:00,19.52,48.18,9.29,33
6:15,20.37,32.97,1.17,33
6:30,20.13,76.44,4.36,33
6:45,20.82,83.25,5.51,33
7:00,20.37,37.44,7.24,33
7:15,21.40,50.50,9.25,33
7:30,20.76,68.10,0.57,33
7:45,21.19,56.40,0.16,33
8:00,21.22,51.78,0.25,33
8:15,21.98,50.46,8.74,33
8:30,21.38,89.71,9.66,33
8:45,21.82,78.37,6.83,33
9:00,21.79,74.15,8.09,33
9:15,22.32,64.61,5.20,33
9:30,22.57,49.30,2.89,33
9:45,22.89,32.48,7.77,33
10:00,22.66,53.52,4.94,33
10:15,23.34,74.35,4.36,33
10:30,23.24,56.72,8.88,33
10:45,23.42,42.18,9.26,33
11:00,23.96,74.12,8.94,33
11:15,24.07,41.04,2.10,33
11:30,24.63,34.03,9.28,33
11:45,25.21,37.46,1.16,33
12:00,25.16,56.59,8.63,33
12:15,25.03,52.64,7.87,33
12:30,24.91,59.73,1.98,33
12:45,25.23,54.98,2.76,33
13:00,26.05,88.29,0.37,33
13:15,26.31,83.70,5.08,33
13:30,26.17,88.93,0.88,33
13:45,26.65,44.57,5.89,33
14:00,26.79,71.86,8.31,33
14:15,26.49,82.88,4.66,33
14:30,27.23,37.93,8.98,33
14:45,26.72,70.52,4.27,33
15:00,26.93,71.55,5.56,33
15:15,26.61,52.28,6.31,33
15:30,26.53,43.79,8.57,33
15:45,25.93,35.12,4.89,33
16:00,25.69,33.55,5.72,33
16:15,25.31,66.80,8.91,33
16:30,25.35,53.94,7.18,33
16:45,25.53,41.52,6.25,33
17:00,24.87,55.76,9.58,33
17:15,24.53,49.60,3.95,33
17:30,23.95,70.47,5.17,33
17:45,23.76,68.72,4.73,33
18:00,24.12,33.24,0.79,33
18:15,23.98,33.67,8.82,33
18:30,23.48,54.09,1.60,33
18:45,23.33,49.48,3.45,33
19:00,23.36,84.57,3.42,33
19:15,23.46,41.20,0.92,33
19:30,22.88,67.49,3.54,33
19:45,23.15,31.46,6.32,33
20:00,22.87,43.05,4.97,33
20:15,22.68,59.54,5.35,33
20:30,21.92,45.28,4.81,33
20:45,21.74,67.34,7.22,33
21:00,22.01,69.48,9.12,33
21:15,22.30,82.77,7.09,33
21:30,21.60,57.65,0.80,33
21:45,21.59,50.76,4.74,33
22:00,21.30,53.81,2.03,33
22:15,21.46,85.79,7.91,33
22:30,21.82,69.93,2.95,33
22:45,21.85,42.01,8.36,33
23:00,21.77,77.34,3.08,33
23:15,21.55,32.02,7.28,33
23:30,21.51,33.62,4.19,33
23:45,21.49,46.93,6.72,33
0:00,22.31,37.17,4.57,34
0:15,22.06,61.86,1.66,34
0:30,21.52,50.69,2.64,34
0:45,21.43,66.34,5.87,34
1:00,21.41,53.51,9.45,34
1:15,21.14,33.29,5.57,34
1:30,21.75,53.35,7.03,34
1:45,21.30,74.20,0.83,34
2:00,21.03,55.04,1.49,34
2:15,21.43,58.57,5.74,34
2:30,21.16,38.57,3.85,34
2:45,21.37,36.32,3.91,34
3:00,20.89,50.86,5.55,34
3:15,20.87,46.46,9.02,34
3:30,20.51,47.82,7.11,34
3:45,21.22,54.02,9.26,34
4:00,20.46,51.58,8.72,34
4:15,20.62,60.72,4.90,34
4:30,20.83,72.86,8.39,34
4:45,20.43,41.07,0.84,34
5:00,20.59,54.83,0.08,34
5:15,20.62,84.90,2.04,34
5:30,20.12,57.28,1.35,34
5:45,19.79,87.22,7.99,34
6:00,19.52,58.57,3.94,34
6:15,20.37,38.57,8.52,34
6:30,20.13,51.09,2.44,34
6:45,20.82,58.41,9.16,34
7:00,20.37,64.33,5.50,34
7:15,21.40,44.31,3.16,34
7:30,20.76,85.94,8.28,34
7:45,21.19,66.13,8.64,34
8:00,21.22,40.24,5.86,34
8:15,21.98,86.02,5.69,34
8:30,21.38,61.09,0.21,34
8:45,21.82,31.42,6.55,34
9:00,21.79,32.27,6.97,34
9:15,22.32,55.93,2.63,34
9:30,22.57,45.61,4.64,34
9:45,22.89,39.89,5.41,34
10:00,22.66,81.01,6.57,34
10:15,23.34,79.65,4.89,34
10:30,23.24,62.40,9.70,34
10:45,23.42,80.30,2.58,34
11:00,23.96,33.57,1.65,34
11:15,24.07,33.04,9.89,34
11:30,24.63,31.05,1.48,34
11:45,25.21,49.63,6.94,34
12:00,25.16,50.94,4.96,34
12:15,25.03,68.18,6.43,34
12:30,24.91,53.61,1.27,34
12:45,25.23,49.68,4.62,34
13:00,26.05,84.97,5.86,34
13:15,26.31,85.90,2.91,34
13:30,26.17,53.93,4.05,34
13:45,26.65,43.17,6.55,34
14:00,26.79,81.25,1.57,34
14:15,26.49,48.18,7.42,34
14:30,27.23,57.44,6.22,34
14:45,26.72,75.38,1.53,34
15:00,26.93,74.95,1.36,34
15:15,26.61,74.45,8.46,34
15:30,26.53,64.32,8.09,34
15:45,25.93,63.92,0.10,34
16:00,25.69,74.35,0.39,34
16:15,25.31,41.97,2.26,34
16:30,25.35,66.54,1.02,34
16:45,25.53,30.22,2.79,34
17:00,24.87,82.59,2.60,34
17:15,24.53,33.38,3.14,34
17:30,23.95,70.33,9.27,34
17:45,23.76,65.20,1.10,34
18:00,24.12,47.89,7.14,34
18:15,23.98,31.78,9.93,34
18:30,23.48,36.65,3.78,34
18:45,23.33,83.31,7.62,34
19:00,23.36,69.07,7.12,34
19:15,23.46,38.19,8.41,34
19:30,22.88,59.13,0.55,34
19:45,23.15,89.00,8.46,34
20:00,22.87,83.13,4.66,34
20:15,22.68,76.33,5.07,34
20:30,21.92,76.93,9.58,34
20:45,21.74,59.70,6.44,34
21:00,22.01,88.21,5.92,34
21:15,22.30,61.32,6.92,34
21:30,21.60,56.14,5.40,34
21:45,21.59,50.73,5.02,34
22:00,21.30,69.43,3.29,34
22:15,21.46,64.24,6.88,34
22:30,21.82,37.81,2.47,34
22:45,21.85,56.99,9.81,34
23:00,21.77,49.07,7.25,34
23:15,21.55,73.79,1.71,34
23:30,21.51,79.42,5.26,34
23:45,21.49,52.62,5.86,34
0:00,22.31,73.20,4.75,35
0:15,22.06,41.93,3.01,35
0:30,21.52,80.39,3.97,35
0:45,21.43,50.31,3.82,35
1:00,21.41,73.03,0.01,35
1:15,21.14,64.46,1.28,35
1:30,21.75,80.22,0.80,35
1:45,21.30,67.28,0.25,35
2:00,21.03,80.80,3.32,35
2:15,21.43,38.68,2.86,35
2:30,21.16,69.65,4.01,35
2:45,21.37,78.04,7.37,35
3:00,20.89,76.80,3.10,35
3:15,20.87,82.85,8.76,35
3:30,20.51,86.41,6.65,35
3:45,21.22,59.80,9.45,35
4:00,20.46,89.37,2.98,35
4:15,20.62,64.94,1.54,35
4:30,20.83,34.44,8.85,35
4:45,20.43,48.97,0.03,35
5:00,20.59,89.17,5.64,35
5:15,20.62,37.89,6.60,35
5:30,20.12,51.31,1.92,35
5:45,19.79,76.29,3.15,35
6:00,19.52,51.07,5.20,35
6:15,20.37,58.82,0.10,35
6:30,20.13,64.86,9.76,35
6:45,20.82,76.94,1.86,35
7:00,20.37,76.48,1.30,35
7:15,21.40,31.96,2.39,35
7:30,20.76,30.53,7.12,35
7:45,21.19,36.76,8.58,35
8:00,21.22,82.64,8.04,35
8:15,21.98,40.48,1.55,35
8:30,21.38,86.24,9.70,35
8:45,21.82,86.93,7.29,35
9:00,21.79,72.60,9.90,35
9:15,22.32,47.05,6.88,35
9:30,22.57,74.07,9.70,35
9:45,22.89,30.67,0.05,35
10:00,22.66,56.81,1.20,35
10:15,23.34,43.85,0.40,35
10:30,23.24,30.32,0.90,35
10:45,23.42,78.73,7.48,35
11:00,23.96,63.82,6.53,35
11:15,24.07,58.22,9.53,35
11:30,24.63,61.25,7.00,35
11:45,25.21,35.93,0.67,35
12:00,25.16,73.10,0.96,35
12:15,25.03,60.16,4.60,35
12:30,24.91,50.23,3.80,35
12:45,25.23,76.85,9.36,35
13:00,26.05,36.98,8.66,35
13:15,26.31,79.33,4.98,35
13:30,26.17,62.22,7.19,35
13:45,26.65,61.17,8.29,35
14:00,26.79,47.74,9.74,35
14:15,26.49,30.17,5.57,35
14:30,27.23,60.14,1.91,35
14:45,26.72,72.17,6.16,35
15:00,26.93,81.17,0.69,35
15:15,26.61,73.17,1.47,35
15:30,26.53,75.50,4.83,35
15:45,25.93,55.14,0.64,35
16:00,25.69,48.37,1.67,35
16:15,25.31,78.02,1.13,35
16:30,25.35,63.72,1.72,35
16:45,25.53,73.50,0.47,35
17:00,24.87,59.44,6.13,35
17:15,24.53,36.87,6.16,35
17:30,23.95,76.37,9.39,35
17:45,23.76,42.67,6.51,35
18:00,24.12,32.78,0.79,35
18:15,23.98,59.83,0.66,35
18:30,23.48,49.62,4.34,35
18:45,23.33,79.96,1.68,35
19:00,23.36,77.07,8.67,35
19:15,23.46,44.02,1.08,35
19:30,22.88,62.87,3.71,35
19:45,23.15,68.81,4.09,35
20:00,22.87,64.71,1.26,35
20:15,22.68,41.77,6.30,35
20:30,21.92,52.54,8.33,35
20:45,21.74,71.65,7.62,35
21:00,22.01,63.82,7.35,35
21:15,22.30,57.06,9.08,35
21:30,21.60,66.57,6.04,35
21:45,21.59,39.76,3.60,35
22:00,21.30,85.43,9.16,35
22:15,21.46,72.22,5.66,35
22:30,21.82,42.16,8.14,35
22:45,21.85,38.73,6.39,35
23:00,21.77,87.93,5.49,35
23:15,21.55,30.62,6.70,35
23:30,21.51,82.26,9.23,35
23:45,21.49,79.24,1.82,35
